﻿no,height,weight,top,chest,shoulder,arm,neck,ntk,waist,ass,bottom,thighs,gender,age
F001,161.4,62.9,62.9,90.6,35.4,52.1,35.2,94.5,80.5,98.6,94.2,58.4,F,37
F002,168.1,56.1,56.1,88.5,35.4,54.6,31.8,95.2,74.4,92,107,51.3,F,26
F003,163.4,53.2,53.2,84.5,35.4,52.5,30.5,95.9,76.5,88.2,97.1,52.8,F,39
F004,164.1,49.4,49.4,80.5,33.5,57,30,95.4,64.1,87.8,100.1,50.3,F,30
F005,152.9,51.9,51.9,80.5,33.1,49,32.1,90.7,66.2,90.5,93.8,55,F,44
F006,159.7,47.6,47.6,79.5,32.1,51.1,30.5,94.7,64.4,87.3,93.9,47.6,F,50
F007,162.2,59.1,59.1,93,33.6,53.1,32.7,95.5,74.8,92.1,100.8,52.2,F,42
F008,157.6,61.6,61.6,99.7,36.6,51.5,32.4,90.7,82.6,92.2,95.5,51.5,F,65
F009,167.1,52.3,52.3,86.1,36.4,55.9,30.9,97,65.7,92.2,104.9,54.3,F,33
F010,160.8,52.7,52.7,82.2,34.4,52,30.8,95.2,68.7,91.9,100.6,53.5,F,55
F011,154,53,53,84.1,35.4,50.3,31.5,89.5,71.9,95.1,92.1,56,F,48
F012,152,74,74,101.9,33.8,50.5,36.2,89.3,99.7,105.4,90.2,64.4,F,50
F013,160.2,51.2,51.2,81,35.8,54.8,32.8,94.4,68.5,89,96.5,52.2,F,57
F014,160.5,45.6,45.6,76.9,32.6,51.5,28.6,94.4,61.9,90,97.9,51.2,F,51
F015,164.1,66.4,66.4,90.6,35.5,52.3,32.8,93.2,78,102.7,98.9,61.7,F,49
F016,167.6,74.1,74.1,105,37.8,54.5,35.6,98.2,90.4,98.3,103.5,58.1,F,44
F017,163.4,48,48,78,53.2,52.3,29.7,95.9,62.4,88,100.8,52.2,F,44
F018,157.1,50.5,50.5,81.7,32.8,52.5,31.8,90.7,67.3,92,98.4,54.6,F,39
F019,153.3,58.5,58.5,92.7,35.7,48.9,31.8,90.4,80.3,97.4,95.5,57.2,F,63
F020,159.3,56.3,56.3,89,33.9,54.4,36.4,94.9,78.8,88.4,98.8,52.5,F,54
F021,164.1,46.5,46.5,80,35.4,53.8,30.7,93.9,66.5,84.3,100.8,48,F,50
F022,150.1,45.1,45.1,88,32.1,49.8,29.7,87,66.7,83.7,90.5,48.2,F,56
F023,162.5,49.6,49.6,83.5,35.6,52.2,29.8,95.3,64.3,86,100.8,49.9,F,45
F024,160.8,48.3,48.3,82.8,34.3,51,31.9,96.2,68.7,86.5,94.9,49.8,F,32
F025,155.1,56.1,56.1,86,34.6,54.5,30.8,89.6,73.5,102,93.8,59.5,F,36
F026,163.2,58.5,58.5,90,33.6,54.3,30.8,96.3,74.4,94.7,98.4,54.5,F,60
F027,163.3,51.2,51.2,79.9,33.8,54.4,30.8,93.7,72.2,90.6,101.6,51.6,F,30
F028,161.5,51.2,51.2,84.5,35.9,53,32.6,92.3,67.5,88.3,96.1,50.6,F,25
F029,152.2,45.1,45.1,81.7,32.1,49.8,33.3,89.2,70.3,83.6,91.5,47.2,F,54
F030,167.4,59,59,90.6,35.8,55,35.8,98.9,75.6,95.5,103.6,54.8,F,39
F031,159.8,63.3,63.3,91.3,34.6,54,34,94,82.4,95.3,100.6,54.8,F,60
F032,155.4,47,47,77.8,32.2,51.9,32.7,88.2,61,88.1,94.8,53.1,F,22
F033,158.7,57.3,57.3,88,36.9,50.3,34.3,93.3,82.5,92.5,94.9,53.4,F,57
F034,150.9,50.5,50.5,85.2,34.4,46.1,32.8,89.2,74.3,87.9,91.8,49.9,F,54
F035,168.4,47.4,47.4,77.8,34.6,55.5,29.5,99.3,62.5,86.7,102.8,48,F,52
F036,162.7,64.4,64.4,90,33.8,53.9,33,94.1,79.8,97.5,100.4,60.1,F,49
F037,161.1,39.7,39.7,80.3,33.9,51,28,92.5,60,80,99,44.5,F,26
F038,161.5,48.4,48.4,84.1,32.9,53,31.6,93.7,68.3,87.8,101.1,47.4,F,40
F039,160.4,61.4,61.4,92.5,34.6,54,31.5,90.9,77,96.2,98.3,55.1,F,52
F040,156.9,51.3,51.3,83.7,33.9,50.8,31,90.3,66,94.6,94.5,54.3,F,35
F041,156.7,54,54,87.5,34.9,55.5,31.7,90.9,71.8,93.5,96.5,52.2,F,51
F042,153.6,49.8,49.8,84.3,33.5,48,30.6,89.2,68.9,88,95,53.2,F,23
F043,159.2,60.8,60.8,90.7,33.7,50,31.6,93.7,79.3,100.1,100.5,59.6,F,53
F044,154.7,66.1,66.1,99.6,34,50,35.1,90.5,85.4,97.7,96,57.1,F,47
F045,152.1,69.5,69.5,101.2,33,50.3,35.9,90.3,101.5,95.7,91.2,58,F,53
F046,162.9,65.9,65.9,90.8,34.4,53,33.1,94.5,81,101.9,101.4,60.4,F,55
F047,166.3,58.8,58.8,88.2,33.3,53.8,32.7,96.7,74.5,93.7,104.3,52.5,F,50
F048,158.4,49,49,78.9,34.2,49.4,30.3,92.6,70.4,91,96.3,51.5,F,53
F049,158.7,51.9,51.9,82.6,32.3,51,30.9,92.9,68.5,91.5,100.1,52.5,F,49
F050,169.9,64.5,64.5,87.7,35.2,54.4,34.6,98.8,76.6,100,104.9,57.6,F,49
F051,162.7,55.5,55.5,88.4,36,52.1,31.5,96.3,72.5,91,104.8,50,F,52
F052,156.4,73.4,73.4,102.1,36,51.5,35.2,92.6,90.3,102.1,98.4,59.9,F,50
F053,159.4,54.2,54.2,94.6,35.3,52.5,33.3,92.6,80.8,88.5,100.9,49.2,F,64
F054,154.6,51.8,51.8,87.5,34,48.1,33.6,91.5,75.5,89,94.6,51.1,F,66
F055,160.6,55.8,55.8,89.8,33.7,54.4,30.7,93.2,76.7,91,101.8,53,F,63
F056,161.6,65,65,90,35.4,50,34.6,96,78.4,105.4,101.1,63.5,F,35
F057,157.4,63.3,63.3,93.3,35.5,53,35.8,91,82.6,94.7,99.6,53.3,F,56
F058,166.7,62.8,62.8,90,38.1,51,34,99,76.4,97.8,104,57.9,F,46
F059,158.1,62,62,94,34.8,50.4,31.8,94,75.3,99.7,96,58.6,F,49
F060,166.7,60.2,60.2,88.8,37.6,55.7,32.5,97.8,73.7,97,103.8,56,F,29
F061,159.4,70.7,70.7,101.3,34.1,52.7,35.2,94.9,88,96,98.6,57.4,F,61
F062,164.5,54.5,54.5,85.6,37.2,51,31.4,97.7,71.7,93,102,56.7,F,37
F063,159.6,50.1,50.1,79.5,33.8,50.5,31,93.6,63.5,87,99.6,51.8,F,48
F064,160.4,71.6,71.6,101.2,35.3,52.5,38,94.7,90.8,98.3,97,55.8,F,55
F065,160.9,40.1,40.1,77.7,33.4,51,27.7,91.2,54.6,79.5,98.8,45.3,F,41
F066,159,46.2,46.2,78.2,34.5,51.5,28.8,94.1,67,87.9,98.5,50,F,40
F067,156.4,55,55,87.3,35.3,49.8,30,91.6,76,91.7,95.1,54.3,F,55
F068,157.2,63.1,63.1,97,35.4,52.2,37.4,91.8,84.4,94.5,96.1,51.9,F,55
F069,163.2,55.6,55.6,87,36.8,51.1,31.2,96.9,67.6,91,101.5,52,F,50
F070,166.5,90.1,90.1,103.3,35.4,57,39,100.4,89.7,109.2,104.9,70,F,48
F071,154.9,55.2,55.2,89.7,36.8,51.5,32,90.4,75,93.6,94.2,54,F,49
F072,161.7,59.7,59.7,80.1,35.4,52,33.3,94.1,71,96,103,59.8,F,26
F073,154.3,49.8,49.8,86.7,34.1,46.1,31.5,89.7,67,89.2,90.8,52.7,F,54
F074,161.6,76.3,76.3,105.3,37.9,53.6,37.7,96.5,89.1,104.4,97.8,63.9,F,49
F075,158.4,50.8,50.8,78.5,33.6,53.1,30.8,90.6,72.5,93.4,99.8,55.5,F,34
F076,156,64.5,64.5,92.8,34,54,34.8,92.3,89.7,96.5,95,57.2,F,50
F077,162,49.1,49.1,81.5,34.5,51.5,28.9,96.9,64.2,88.7,100.5,51,F,26
F078,162.1,90.9,90.9,114.8,37.3,54.2,37.4,97,104.3,111,94.2,66.3,F,42
F079,160.7,71.2,71.2,99.4,37.3,52.7,37.8,96.4,87.2,99,96.3,58.2,F,41
F080,165,54.4,54.4,88.5,34.4,54,30.7,96.2,64.8,91.9,101.7,53.5,F,38
F081,158.5,57.1,57.1,91.3,35.8,51.7,33.3,91.9,76.7,91.8,96.5,51.8,F,46
F082,162.2,55.5,55.5,84.2,35.7,52.3,31.8,96,74.7,91.9,99.1,53.9,F,53
F083,161,54.4,54.4,80.5,34.2,53.1,32.2,93.3,70.6,94,98.8,53.2,F,52
F084,150.7,57.7,57.7,95.5,35,49,32.8,91.5,81.5,97,89.2,55.9,F,52
F085,163.1,50.9,50.9,83.6,36,54,31.5,96.1,65.5,88,100.7,51.7,F,25
F086,154.1,55.5,55.5,93,34.5,48.6,33,89.9,79.5,92.7,90.8,52,F,60
F087,154.5,61,61,99.6,33.5,50.5,31.8,90.2,81,91.5,92.5,53.8,F,45
F088,149,50.4,50.4,87.7,33,48.5,31.4,86.2,71.1,86.7,92.2,52.5,F,53
F089,157.2,49.6,49.6,85,32.3,52.7,30.8,91.7,66.8,90,97.1,53,F,34
F090,151.3,52.9,52.9,92,33.5,49.3,34,87.4,80.4,97,91.4,53,F,54
F091,154.3,65.1,65.1,100.8,35,49.5,38,90.6,88.3,95,95,54.8,F,65
F092,172.2,60.1,60.1,83.6,37.4,56.8,32.5,101.1,69.4,96.5,108.3,55.2,F,44
F093,162.5,58,58,87.8,32.3,51,32.3,96,71.8,98,99.5,59.3,F,45
F094,157.8,59.3,59.3,90.8,34.6,50.5,33,92.5,79,96.7,96.6,57.5,F,55
F095,152.9,54.6,54.6,87,34.1,48.3,33.2,88.9,77,92.9,89.8,54.7,F,49
F096,156.4,50.3,50.3,81.5,33.4,49.8,30.5,90,66.6,89.3,96,53.3,F,49
F097,169,46.7,46.7,76,36.5,53.7,29,97.8,59.5,86.5,102.2,50,F,20
F098,158.5,71.4,71.4,101.5,35,52,34.4,92.7,94.4,105,94.7,61.8,F,55
F099,160.4,50.2,50.2,85.5,36.8,52,32,92.8,68.5,87.5,96.9,51.5,F,36
F100,155.5,62.8,62.8,99.3,36.8,52,33,92.1,86.9,95.9,92.8,56.7,F,48
F101,155.8,59.8,59.8,97,38.3,51.7,35.5,90.1,87.5,93,91.7,55,F,58
F102,162.5,76.6,76.6,101,37.4,53.3,36.8,93.2,90.5,105.5,97,65.2,F,53
F103,161,51.2,51.2,83,35.8,32.7,31.2,92.9,66,90.2,97.5,53.4,F,21
F104,162.5,56.3,56.3,85.3,34.8,51.5,32,97.6,72,94.5,99.5,54.3,F,37
F105,146.3,52.5,52.5,86.7,34.5,48.5,30.8,85.7,84.5,94.3,83.3,55.6,F,67
F106,156.2,54.7,54.7,86,33.9,52.8,33.9,90.1,77.4,92.4,94.5,53.1,F,49
F107,159.1,58.2,58.2,91.7,36.8,51.2,32.7,93.4,77.5,94.3,97.3,56.3,F,49
F108,156.7,63.3,63.3,94.7,35.8,51,34.7,92.1,80.3,95.7,95.8,57.9,F,52
F109,159.1,59.9,59.9,93.7,35.7,54.3,32.2,94.1,85.3,91.7,95.5,52.3,F,59
F110,164.1,59.3,59.3,88.5,37.4,52.8,38.4,95.5,74.4,95.9,98.3,57.4,F,37
F111,155.8,56.4,56.4,86.5,34.7,52.7,31.5,90.7,75,93,95.3,55.3,F,45
F112,164.5,58.9,58.9,87,34.7,52.2,33,96,68,98.5,99,55.3,F,28
F113,155.7,51.4,51.4,87,33.8,49.8,31.2,92.1,70.5,88.4,94.2,50.2,F,57
F114,161.4,56.8,56.8,89.1,32.7,53.3,31,95.4,69.2,95,99.5,54,F,34
F115,159.8,69,69,99.3,36.8,55.2,34.8,92.9,93,98.5,96.5,58.3,F,63
F116,169.3,83.1,83.1,110.8,41.1,55,37.5,98.1,98.5,102.2,102.8,58.1,F,47
F117,158.7,69.1,69.1,108,38.1,51.4,34.2,92.8,89,100.5,92.7,57.7,F,45
F118,156.1,49.7,49.7,82.5,35.9,51.4,31,90.2,70.8,86.5,95,49.8,F,61
F119,160.7,52.5,52.5,87.6,35.9,53,32.5,92.6,68,88.6,99.5,51.4,F,27
F120,155.9,53.2,53.2,88.2,32.4,50.8,33.2,89.7,75.5,92.9,91.7,52.1,F,65
F121,155.8,55.1,55.1,90,33.5,51.3,32.5,90.2,81.7,92.5,92.5,50.8,F,67
F122,163,65.9,65.9,94.7,33.8,52,33.8,98.2,83.5,100.3,97,61.9,F,42
F123,157.8,56.4,56.4,92.6,34.8,53.7,31,91.8,81.4,90.3,96.6,51.2,F,62
F124,167.3,59.3,59.3,92.1,33.9,55.5,32.4,97.9,68,97.1,103.9,58.9,F,21
F125,164.9,53,53,84,36,53.5,30.8,96.3,65,90.5,102.7,52.9,F,23
F126,155.3,47.3,47.3,81,33.7,49.5,30,90.2,64.5,88.6,94.2,52.7,F,40
F127,169.3,60.8,60.8,82.8,36.4,54,33.5,101.1,73.5,96.7,105.3,54,F,38
F128,154.2,51.7,51.7,86,32.3,53,32.4,87.7,74.3,92.2,95.5,52.4,F,53
F129,168.8,54.2,54.2,81,37.1,55.2,33.8,98.9,68.3,91,100.7,49,F,50
F130,162.2,51,51,86.7,34.1,51.6,30.9,94.5,69.2,89.3,98.4,50.8,F,43
F131,158.1,58.3,58.3,91.5,33.7,52.3,33,91.3,79.7,95.7,93.2,54.3,F,56
F132,160.8,60.1,60.1,94.5,35,49.7,31.9,92.7,81.1,95,97.1,54.8,F,51
F133,160.7,50.4,50.4,85.3,36.4,51,29.7,93.6,66.5,87.5,97.8,47.5,F,47
F134,167.3,59.5,59.5,90.5,36.7,57.6,32.2,97.5,74,92.2,104.2,54,F,46
F135,158.1,46.7,46.7,76.5,33.2,50,30.3,89.8,64.8,90.5,94.6,51,F,52
F136,163,49.5,49.5,85.8,34.8,51.4,30.8,94.7,67.7,88.6,98.5,49.9,F,37
F137,163.7,60,60,85.4,30.7,55,31.6,96.4,69.4,94.3,103.2,56,F,27
F138,152.5,50.9,50.9,85.8,34.7,48.4,34.6,90.4,72.9,92,94.4,53.7,F,44
F139,156,51.3,51.3,87,33,50.6,31,93,77.5,90,96.3,52.5,F,58
F140,159.2,63.1,63.1,91,34.4,52.9,34.4,95.1,83.6,94.4,101,55.8,F,52
F141,153.3,64,64,99.5,35.8,50.4,34.2,89.2,85.7,98.5,96.5,60,F,46
F142,158,52.5,52.5,89.9,33,51.7,33.1,90.5,75.1,87.5,98.8,50.3,F,52
F143,151.8,54.8,54.8,92.2,35.9,49.3,31.5,87.7,73.9,93.8,95.2,54,F,61
F144,160.5,62.9,62.9,95.6,36.6,52,31.9,93.8,77,100.6,95.5,60.7,F,49
F145,161.3,64.5,64.5,97.6,34.5,52.3,34.4,93,83.8,99,100.9,56.3,F,49
F146,158.3,54.4,54.4,85.8,33.7,51,32.2,92.3,72.9,93.5,97.4,56.7,F,48
F147,162.3,49.8,49.8,85,33,55,30.5,95,67,89.3,101.3,50.5,F,27
F148,160.5,50.3,50.3,65.9,35.6,51.7,31.6,93.3,74.7,91,100.5,52.6,F,46
F149,157.8,57.6,57.6,92.5,36,54.8,34,89.9,77.5,94.5,101.3,55.3,F,50
F150,163.1,54.1,54.1,80.2,35.6,54.7,32.4,93.5,64.8,94.7,101,56.9,F,29
F151,162.2,61.2,61.2,92.5,35,53,32,95.4,74.8,94.5,99.9,59,F,45
F152,158.1,45.3,45.3,78.5,31.3,51.1,28.8,92.8,66.2,85.3,98,51,F,39
F153,156.2,55.7,55.7,88.3,36.5,49.7,32,91.2,83,91.7,93.5,52.2,F,62
F154,153.4,53.1,53.1,84.4,32.9,48.8,33.5,89.1,72.8,93.5,92.8,53.3,F,48
F155,158.8,59.5,59.5,95.2,35.1,51.5,33.2,94.6,79.3,92.4,95.5,50.7,F,56
F156,160.7,52.7,52.7,81,32.8,50.5,30.2,93.1,66.5,91,95.5,52.8,F,32
F157,155.4,52.5,52.5,87.4,35.4,51.7,33.1,90.4,71.2,88,93.5,51.4,F,48
F158,159.9,45.4,45.4,78.5,31.3,50.8,29.6,91.3,62.6,85.7,99,50.8,F,24
F159,160.6,42.5,42.5,77.5,33.7,51,28.7,93.7,62.8,83.2,98.3,42.9,F,50
F160,164.7,55.3,55.3,86.1,35.3,53.5,34.2,96.3,71.6,94,103.4,52.5,F,48
F161,159.1,65.2,65.2,101.3,34.3,54.3,34.6,91.7,83.6,97.4,96.7,56.8,F,54
F162,162.9,50.9,50.9,78,33.8,50.6,30.3,95,63.4,93.4,99.7,53.6,F,29
F163,159.6,52.5,52.5,86.7,34.7,52.7,30.8,93.5,74,86.4,96.6,47.4,F,49
F164,157.3,49.8,49.8,84.1,35.7,50.8,30.6,90.9,68.8,89.8,97.9,50.7,F,29
F165,158.1,51.3,51.3,80,33.2,53.2,30.2,93.1,66.9,93.8,98.5,52.7,F,24
F166,149.9,48.5,48.5,81.5,31.7,47.4,33.2,86.3,70.7,86.8,88.8,50.5,F,60
F167,151.1,62.5,62.5,101.2,34,49.8,35,88.5,99.8,92.4,91.8,52.2,F,77
F168,157,70.3,70.3,100.2,32.9,52.7,34.4,92.1,86.8,104,97.5,62.7,F,28
F169,165.9,56.7,56.7,80.8,35.8,52.9,31.8,97.4,70.4,97.3,100.3,57,F,48
F170,157.7,51.7,51.7,88.2,34.5,53,32.6,92.2,75.4,89.2,96.4,50.4,F,54
F171,161,62.8,62.8,94.3,36,53,33.3,93.1,83.7,100,100.8,55.7,F,52
F172,155.2,67.4,67.4,98.4,35.4,53.4,36,92.3,92,99.7,95.5,54.8,F,63
F173,160.4,60.5,60.5,92.8,35.7,52.2,33.5,93.8,77.5,98,95.8,55.1,F,50
F174,161,54.7,54.7,80.7,33.7,52,32.6,93,70,90.6,100.5,52.5,F,33
F175,157.8,58.5,58.5,83.3,34.4,51.5,34,90.3,73.7,96.4,99.1,59,F,53
F176,156.2,60.8,60.8,92.3,35.1,50.8,32.7,91.8,79.9,94.6,98,56.9,F,40
F177,156.1,65.8,65.8,93.5,36.4,50.3,37.8,92.8,83.4,96,92.8,56.4,F,50
F178,155.8,59.1,59.1,89.8,35.4,49.1,32.8,89.8,74.2,96.5,95,56.6,F,57
F179,159.1,58.8,58.8,90,36.1,54.1,34,94,80.8,93.7,97.9,52.7,F,50
F180,153.8,57.3,57.3,94,33.9,49,35.6,89.9,80,92.9,93.9,54.4,F,53
F181,157,52,52,93.5,34,50,31.7,92,76.2,87,96.9,47.6,F,55
F182,169.1,57.1,57.1,87.5,38.6,56.3,31.5,97.9,70,90.6,104.5,55.5,F,22
F183,155.8,61.3,61.3,94.5,35.6,51.2,35.5,92.2,81.2,89,96.8,52,F,56
F184,159.9,57.8,57.8,92.8,33.3,51.5,32.9,94.7,78,92.2,99.5,56,F,64
F185,161.7,55,55,82,32.1,53,30.7,-6.1,69,91.7,98.3,54,F,25
F186,154.3,50.4,50.4,86.4,32.2,48.3,31.8,90,65.9,91.7,90.7,56.7,F,32
F187,161.7,51.8,51.8,85,35.6,50.7,31.8,95.5,67.6,91,97.8,52.4,F,44
F188,168,56.6,56.6,82.5,35.1,53,32.5,97.9,69.9,93.6,104.4,57.4,F,33
F189,152.8,60.1,60.1,93.4,35.1,48.5,33.6,91.3,80.9,94,90.7,54.5,F,46
F190,150.5,57.4,57.4,90.7,33.6,49.9,32.2,89,79.1,95.5,91.9,56.5,F,48
F191,152.8,61.6,61.6,103.3,36.2,52.7,35,89.6,93.5,92.7,92,47.6,F,73
F192,158.9,49.1,49.1,79.5,34.6,50.9,31,91.6,65.3,86.4,97.3,52.2,F,24
F193,170.4,54,54,82.8,36.4,57.1,32,97.6,71,91.8,103,50.4,F,39
F194,166.5,56.5,56.5,83.6,32.9,53.8,32,98.3,67.8,93.3,103,55.5,F,21
F195,158.4,53.1,53.1,92.5,33.2,52.3,33.5,92.5,81.2,90,95.2,50.9,F,69
F196,158.4,53.6,53.6,90,32.8,52.8,30.2,89.5,74,92.3,96,53.9,F,34
F197,155.4,56.5,56.5,91.5,33.5,48.3,32,91.4,76.7,91,92.4,54.5,F,55
F198,161.4,46.7,46.7,78.4,33.9,51.9,32.3,92.8,65.9,89.5,98.2,50,F,39
F199,160.4,52.5,52.5,83.8,34.6,52.4,30.8,93.5,69.6,90.8,95.9,53.9,F,48
F200,145.2,57.9,57.9,93.5,33.3,49.5,34,84.1,89,93.9,88.6,54.6,F,63
F201,159.7,52.6,52.6,87,35.5,53.2,31.3,90.9,72.5,88,99.2,49.9,F,23
F202,160.3,59.6,59.6,92.2,33.3,53.5,33.1,94.5,79.4,94,98.4,57.5,F,30
F203,148.3,55.4,55.4,95.5,33.7,46.7,31.4,85,77.8,92.5,85.4,53.8,F,65
F204,161.4,53.3,53.3,84.1,32.1,52.4,31.8,95.4,67.2,91.9,97.2,55.8,F,40
F205,166.9,54.2,54.2,85.5,33,53.7,31.3,95.4,64.8,90.7,103.1,52.2,F,31
F206,147.2,50.6,50.6,89.5,32.6,45.2,33.1,87.3,74.4,88.6,87.8,52.3,F,63
F207,152.4,55.8,55.8,88.5,33.8,50.8,31.7,88.4,75.5,96.2,92.9,52.7,F,59
F208,161.6,54.4,54.4,83.5,32.6,53.2,31.5,93.8,71,91.2,100.5,54,F,55
F209,156.5,60.1,60.1,95,33.4,51.5,32.6,90.5,82.2,95,98.5,56.7,F,56
F210,153.2,53.7,53.7,88.2,34.3,49,34.6,92.9,77.4,95.6,92.8,55.6,F,52
F211,156.1,47.4,47.4,81.1,34.2,49.5,31,90.4,68.5,86.8,96.9,48.9,F,51
F212,154.5,50,50,78.5,35.6,49.2,32.5,88.8,68.1,91.7,93.1,52.7,F,61
F213,161.3,57.3,57.3,89.6,35,53,31.9,95.4,73.8,90.5,100.7,54.6,F,50
F214,166.4,47.6,47.6,80,34.1,51.5,30.6,97.2,61.2,86.1,101,48.2,F,22
F215,165.5,53.2,53.2,84,36.3,55.5,31.4,95.5,71.2,90,101.6,52.3,F,24
F216,156.6,54.6,54.6,91,34.2,52.1,31.2,89.9,77.7,92.8,96.8,54,F,52
F217,162.4,44.2,44.2,78.8,34.3,52.2,29,93.7,61.7,84.8,99.8,48.4,F,38
F218,150.5,55.1,55.1,94,33.7,49,32,87.4,80,92.8,90.6,52.5,F,68
F219,164.6,56.5,56.5,83,32.1,52.2,31.2,94.7,69.9,94.8,99.5,54.8,F,48
F220,161.2,48.6,48.6,82,34.8,52.5,31.2,95.5,67,89.6,100.5,52.8,F,24
F221,163.2,70.2,70.2,92,35.8,54.5,34.5,96.2,87.3,101.6,98.2,61.7,F,51
F222,158.7,71.9,71.9,109.5,36.3,51.3,37.1,92.2,101.2,95.8,97.1,52.2,F,50
F223,163.5,46.5,46.5,77.7,34,52.5,29.2,97.9,62,87.2,102.4,49.8,F,24
F224,157.3,53,53,88,33.4,50.2,31.1,92.4,71.8,92.5,96.9,53.8,F,48
F225,162.9,54.7,54.7,87,33.3,52.1,32.4,96.7,77.5,92.6,101.3,49.3,F,50
F226,144.9,50.5,50.5,91,32.8,44.5,31,85.9,80.2,92,83.4,52.5,F,62
F227,151.5,50,50,83.5,33.1,49,31.4,87.7,67.5,87.2,90.3,50.2,F,57
F228,158.1,63.4,63.4,90.4,36.1,51,34.5,95,80,98.8,95.5,59.4,F,46
F229,157.4,49.5,49.5,87,33.5,53.2,32.3,91.7,65.4,87.2,95.8,52.4,F,45
F230,158.9,52.3,52.3,83.8,36.5,53,32,93.6,73.5,90.9,96.2,54.1,F,47
F231,160.2,52.3,52.3,82.5,34,51.5,30.6,91.9,69.3,88.5,97.8,51.6,F,23
F232,155,61.8,61.8,100.5,34.6,50.5,35.8,86.2,84.2,91.2,93.7,52.4,F,51
F233,152.2,47,47,79.6,33,49.7,30,87.2,62.8,91,96.3,52,F,22
F234,157.6,52.3,52.3,79.2,33.4,50.5,30.6,89.7,64.7,92.2,95.5,55.5,F,35
F235,160.3,54,54,86.4,32.5,53,31.5,91.6,73,89.6,96.8,50.4,F,38
F236,157.3,51.7,51.7,51.8,33.9,51,30.5,91.9,74.6,86.7,95.6,49.9,F,54
F237,167.4,54.2,54.2,84.6,34.5,56,32,92.9,68.7,89.9,102.9,53.4,F,25
F238,151.8,60,60,90.1,31.6,50.4,38,88.3,87,93,89.4,54.2,F,66
F239,154.8,67.4,67.4,97,34.8,50.2,35.2,92.2,89.4,101.4,89.5,60.8,F,49
F240,152.1,57.3,57.3,91.6,30.8,51.5,33.1,88.1,83.8,92.5,93.5,55.5,F,69
F241,163.7,53.7,53.7,84.8,33.5,55,30,95.8,72.7,91.7,100,53,F,43
F242,156.8,50.5,50.5,82.5,32.8,52.3,31.6,89.1,66.6,89,97.6,53.7,F,26
F243,159.2,64.4,64.4,97.3,35,53,33.3,91.1,88,97.6,95.7,55.5,F,54
F244,156.1,55.8,55.8,92.5,32.9,50.4,32.5,91.6,78.8,94.3,95,53.5,F,64
F245,159.6,59.9,59.9,92.3,35.8,52,31.5,93.9,75.5,98.4,97.5,56.8,F,29
F246,158,51.9,51.9,82.5,32.7,51.2,34.2,92.7,67.5,88.5,95,54.5,F,36
F247,151.9,55.9,55.9,87,32.1,50.5,31.6,87.2,80.5,95.7,91.2,55.7,F,51
F248,154.7,51.8,51.8,84.8,32.7,50.3,30.2,90.8,71,92.6,93.4,55,F,46
F249,160.9,56.5,56.5,87,33.5,51.5,34,96.5,71.3,94.7,98,55.9,F,54
F250,164.4,49,49,80.5,33.1,52,31,95.2,63,87.5,100,52.8,F,38
F251,162.3,51.6,51.6,83.6,34,54.5,29.3,94.9,65.8,92,99.6,52,F,45
F252,148.2,63.8,63.8,100.3,34.7,48.9,36.2,87.5,92.4,98,84.7,55,F,63
F253,160.8,57.4,57.4,90,35.1,52,32.5,94,76.8,95.8,95.4,55,F,53
F254,153.1,57.6,57.6,94.7,33.3,49.3,33.3,85.5,85.3,92,89,53.8,F,64
F255,159,61.3,61.3,94.2,35.9,52.5,33.2,92.3,78.6,98.6,98.3,54.8,F,53
F256,157.8,46.7,46.7,80.5,34.8,51.5,31.6,90.4,61.5,86.7,96,49.7,F,25
F257,151.6,55.8,55.8,98.6,34.3,49.7,31.8,88.8,81.7,90,93,51.7,F,61
F258,161,71.8,71.8,106.6,32.4,54.4,35.4,91.8,94.1,100.7,97.5,62.5,F,61
F259,160.9,64.9,64.9,97.3,33.4,53,34.8,96.8,87.8,96.5,95.6,55.2,F,56
F260,159,59.8,59.8,96.5,35.1,49.5,34.6,92.5,87.5,95.2,95.5,52,F,67
F261,157.6,45.5,45.5,73.5,34.2,50.7,31,90.9,62.7,85,95.6,49.7,F,22
F262,159.9,62.2,62.2,95.4,35,52.6,34.2,94,84.8,97.5,97.2,56.7,F,56
F263,151.9,44.5,44.5,82,32.3,48.9,29,88,66.8,85.7,90.9,46,F,54
F264,159.8,65.5,65.5,91,35.2,52.3,33.2,93,78.8,100.8,99.4,64,F,35
F265,157.6,58.4,58.4,93,35.1,51.3,31.8,91.9,78,91.2,76.3,53,F,48
F266,161.3,55.2,55.2,88.5,35.9,50.8,33.8,94.4,71.8,91,98.8,51.9,F,49
F267,157.6,53.5,53.5,82.5,31.6,50.5,30.8,91.8,67.5,94.3,96.3,56.7,F,25
F268,162.5,52.4,52.4,79.8,36.4,53.5,31.6,94.7,60.6,88.9,100.2,53.2,F,25
F269,158.8,45.2,45.2,76.7,35,52.1,29.9,90.3,63,83.4,96.5,49.7,F,27
F270,160.8,53.5,53.5,88.9,31.8,51.5,34.2,92.8,75,92.2,99.2,52.5,F,60
F271,156.8,50.3,50.3,84.7,34.5,52.5,30.6,89,69.8,89,99,52.8,F,62
F272,153.1,50.4,50.4,83.7,34.5,49.2,31.4,90.5,70.9,88.5,92.4,52.2,F,52
F273,169.6,53.7,53.7,78,33.5,58.2,30.8,96.2,69.5,91.5,106,52.2,F,34
F274,148.6,74.7,74.7,102.5,35.1,49.2,38.8,88.9,95,106.2,87.8,62.9,F,43
F275,154.9,51.3,51.3,86,32.5,53.5,30,88.9,75,88.8,91.7,50.3,F,64
F276,150.8,52.9,52.9,93,33.5,49.7,33.2,87.2,79.1,88.8,91.7,51.9,F,64
F277,161.9,49.3,49.3,83,33,52.5,30.9,93.1,65.8,91,97.5,53,F,25
F278,150.2,56.6,56.6,92.2,34,48.8,34,88.5,87.5,91.5,92.3,53,F,78
F279,155.1,52.8,52.8,85.8,33.8,48.7,31.5,90.7,73,93,95,55.6,F,51
F280,152.8,49,49,82,31,48.3,32,81.9,69,89.5,92.3,54.1,F,46
F281,163.9,60.3,60.3,89,37,54.3,33,95.1,74.3,94,99.7,55.5,F,44
F282,151.2,51.9,51.9,85.5,31.9,49.8,33,88,77.2,91.5,91.9,54,F,53
F283,162.3,55.9,55.9,84.8,33.3,53.4,31.3,91.6,75.2,94,97.8,56.5,F,27
F284,164.6,63,63,94,36.8,52.6,32.6,96.3,76.6,96.7,99.5,58.5,F,23
F285,159.7,52.7,52.7,82,33.4,52.5,30.5,-7.5,69.8,89,92.7,52.6,F,45
F286,162.9,56.4,56.4,82.8,33.6,52,31.2,95.9,67.4,95.4,99.8,58.8,F,27
F287,161.3,46.7,46.7,76.7,33.5,53.6,31.1,92.8,62.7,86,99.3,48.3,F,31
F288,153.7,58.4,58.4,96.3,33.1,48.2,33.9,91.3,82.4,93.5,91.6,53.5,F,55
F289,159,64.9,64.9,93.7,35.6,51.2,35,91.3,83,97.7,96,56.2,F,45
F290,157.3,50.6,50.6,86,33.2,49.4,31.5,91.4,75,88.9,95.7,50.1,F,57
F291,167.5,62.4,62.4,91.3,35,54.3,32.4,97.2,72.7,98.3,101.7,53.8,F,29
F292,154.8,57.5,57.5,88.3,34.8,50,33,88.6,75.8,93.4,94.5,56.4,F,32
F293,158,47.8,47.8,79.7,34.3,48.1,30.7,92.7,67.4,90,100.5,50.5,F,38
F294,163.4,58.2,58.2,89,34.4,53.7,32.2,94.1,71,95.6,99,56,F,20
F295,164.7,54.6,54.6,86.7,34.7,54.8,32,94.3,70.8,91.2,103.8,53.2,F,29
F296,160.7,47,47,81.9,31.5,52.2,31.4,93.3,64.5,86.2,97.5,48.4,F,36
F297,150.9,64.6,64.6,101.2,32.5,49.9,34,87.2,84.2,97.8,91.7,55.4,F,56
F298,160,53.4,53.4,83.4,33.2,49.1,31.8,92.4,66.5,92.5,97,54.5,F,22
F299,154.7,50,50,82.2,33.9,51.5,30,88.7,66,90.6,92.2,52.3,F,39
F300,155.6,55.9,55.9,87.6,30.4,52.1,31.4,88.3,71.9,90.9,95.5,54.5,F,37
F301,163.1,56.3,56.3,86.2,34.6,54,31.3,94.3,73.5,95.5,101.4,57.5,F,26
F302,161.9,56.7,56.7,85.8,35.5,53.5,31.2,94.8,72.5,94.1,99.9,56.1,F,45
F303,150.1,58.6,58.6,93.5,36.1,51.6,34,86.9,84.5,90.8,93,53.4,F,67
F304,159.1,52.9,52.9,85.9,33.5,54,31.5,89.2,76.8,91.4,99.5,48.9,F,67
F305,155.4,53.4,53.4,84,32.7,50,32,90.7,72.4,91.5,96.2,53.5,F,66
F306,157,51.9,51.9,81,36.4,50.8,32.4,90.5,67.9,93.4,97.2,53.8,F,20
F307,162.2,55.4,55.4,83,34.5,52.7,33.5,92.8,72.6,95.4,97.6,55.2,F,32
F308,154.7,53.2,53.2,87.4,35.2,51.4,33,87.2,77.4,90.3,94.2,53,F,62
F309,150.8,59.2,59.2,94.2,37,51.5,34.9,86.6,88.3,98.2,93.7,56.2,F,74
F310,152.2,59.2,59.2,87.9,32.9,49.2,36,88.8,80.1,93.4,91.1,53.7,F,44
F311,158.2,51.4,51.4,84.5,34.5,51,30.3,90.5,67,87.6,96.5,53.5,F,24
F312,172.6,63.5,63.5,88.7,34.7,53.5,33.4,103.4,76.5,99.4,104.6,59.6,F,43
F313,158.2,54.7,54.7,85.2,36.1,52.7,32.7,92.5,73.5,90.3,98.7,51.6,F,46
F314,151.2,71.1,71.1,103.9,33.2,46.8,36.8,89.5,93.4,101,89.4,63.6,F,51
F315,163.8,51.4,51.4,83.8,34.8,54,31.2,95.9,73.2,90.5,100.3,48.3,F,69
F316,156,55.1,55.1,88,35.5,51,33.2,89.3,73,94.7,97.1,54.6,F,26
F317,163.4,47.2,47.2,78,35.2,52,30.7,95.3,66.6,87,96,47.2,F,30
F318,163.7,55.7,55.7,88.2,33.6,55.7,34,92.3,72.3,90.5,100.7,49.8,F,55
F319,151.7,50.3,50.3,84.6,29.2,50.8,31.3,86.3,71.8,89,93,51.4,F,62
F320,160,50,50,82.1,34.5,50.5,31.2,90.2,71,89.3,95.5,50.9,F,64
F321,159,48,48,81.7,34.4,51,29,92.9,64.3,86.5,96.5,49,F,45
F322,159.3,48.3,48.3,79.8,32.5,49.6,30.3,91.6,68.8,89,96.5,53.5,F,30
F323,157,60,60,95.3,36.3,54.2,32.5,90.5,87.8,96,94.4,56.2,F,59
F324,158.3,64.3,64.3,88.1,35.1,51.5,33.8,93.3,75.4,99.9,97,58.5,F,48
F325,154.2,55,55,89.5,33.9,50,32.5,88.5,53,92.2,92.9,58.8,F,50
F326,152.9,58.3,58.3,92.5,35.2,47.5,33.6,90.8,76.5,96.9,91.7,57.7,F,46
F327,156.7,54.4,54.4,87.2,32.3,52.3,31.6,91.1,70.7,92.7,97.8,56,F,28
F328,158.5,50.9,50.9,83.2,33.1,52,31.2,92.2,69.7,88.5,94.9,50.5,F,37
F329,161.9,45.5,45.5,77.8,33.6,51.7,28.8,93.7,60.9,82.3,101.1,50.3,F,22
F330,156.3,43,43,81.2,33.8,50,30.9,90.4,62.2,84.9,95.8,46,F,21
F331,159.6,57.5,57.5,87.2,36.7,52.7,31,92.9,71.4,93.2,96.8,54.3,F,50
F332,162.3,50.3,50.3,80.1,33.8,52.5,31,93.6,65.4,91.7,104.8,52.5,F,22
F333,154.6,42.2,42.2,78,32.9,52.4,29.5,89.1,60.5,82.2,94.5,45.5,F,28
F334,155.3,56.8,56.8,92.8,33.3,51.4,33.6,90.3,79.8,92.3,99,52.8,F,64
F335,153.6,54.2,54.2,84.2,35.1,48.3,32,88.9,70.8,89.5,91.6,52.1,F,56
F336,159.3,55.3,55.3,83.6,37.2,52.5,33.1,94.8,71.8,92,97,55.4,F,49
F337,163.4,57,57,84,33.1,52,30.7,95.9,71.2,91.7,99.7,53.5,F,39
F338,153.4,52.1,52.1,87.9,34.1,49.5,32,90,79.5,89.6,92.1,53.3,F,61
F339,159.2,51,51,80.5,33.3,50.8,29.3,93.5,72.4,90.5,97.6,52,F,50
F340,160,65.9,65.9,96.7,31.8,51.7,35,93.4,87.9,98.8,98.8,57.7,F,51
F341,155.1,56.9,56.9,89.5,33,52,31.8,89.6,74.2,94,93.2,55,F,51
F342,162.5,62.8,62.8,91.9,34.6,55,33.5,91,79.2,94.6,99.6,57.6,F,33
F343,153.8,44.5,44.5,78.2,33.8,48,29.5,87.9,62.5,85.3,90.8,49.6,F,23
F344,169.7,60,60,88,35,55.8,32.3,100.8,71,94.4,103.5,56.8,F,36
F345,165.2,56.9,56.9,77.8,33.1,54.5,31.4,95.1,66,94.9,104,56,F,38
F346,163.8,65,65,93,35.6,52.5,34.6,95.2,80.2,95.3,103,59.3,F,38
F347,163.7,59.9,59.9,85.5,35,51.5,32.3,94.7,70.5,96.7,99.6,56.2,F,37
F348,166.5,58.5,58.5,86.4,33.4,52.6,32.3,94.7,69.6,92.6,105.9,53.8,F,30
F349,160.6,49.3,49.3,81.2,33.5,51,31.5,96,63.8,85.3,97.5,49.9,F,29
F350,160.1,67.7,67.7,95.5,37.2,51.8,34.4,97.1,86,95.8,95.9,56.7,F,57
F351,160.2,58.9,58.9,92.8,33.4,52.5,32.3,93.3,75,92.1,97.4,54.3,F,20
F352,161.1,61.4,61.4,91.5,33.9,54.1,33.6,93.4,88.8,95.6,98.9,54.5,F,68
F353,153.8,79.5,79.5,108.5,34.4,53,35.5,92.5,101.3,112,95.8,63.3,F,74
F354,167.8,53,53,79.8,34.1,55.5,31,97,69.2,92,106.1,53,F,28
F355,165.5,53.4,53.4,81,35.3,54,30.7,96.3,71.2,91.7,101.4,53.2,F,39
F356,164.2,55.1,55.1,81.5,35,53,30.9,96.7,67.9,89.6,101.5,56,F,29
F357,166,49.6,49.6,78.2,33.8,55.7,31.3,96.5,62.3,87.3,103,45.5,F,63
F358,163,61.5,61.5,91.2,32.9,52.5,31.5,96.7,77.5,93.7,104.8,58,F,64
F359,165,59.8,59.8,90.6,34.8,52.3,31,98.8,72.6,98.5,102.7,52.2,F,62
F360,160.8,58.5,58.5,86,32.5,52.3,33.4,94.8,75.9,93,99.1,54.7,F,48
F361,151.8,50.8,50.8,81.8,33.7,49.3,31,86.8,68.5,89.3,93.2,54.7,F,65
F362,159.1,53.4,53.4,88.3,33,51.1,30.4,91.7,66.6,88.8,97.8,56.3,F,31
F363,161.7,59.5,59.5,85.5,34.6,50.8,31.8,94.4,73.7,95.4,94.6,55.4,F,32
F364,158.7,63,63,90.9,34.6,52.8,34.6,91.5,78.4,100,99,57.8,F,39
F365,147.8,56.7,56.7,89.2,34,48.8,32.2,85.7,75.1,94.3,90.6,57.5,F,58
F366,163.7,57.2,57.2,88.1,36.4,53.6,32.2,92.9,72.8,91.2,100.7,53.6,F,30
F367,155,50.9,50.9,81.7,34.5,49.5,30.4,90,66.8,89.5,95.4,55.1,F,32
F368,165.5,55,55,84.4,34.7,53.5,33.9,97.5,65.9,92.7,102.2,52.8,F,40
F369,161.7,74.1,74.1,94.7,35.5,53.5,33.5,96.6,87,102.5,100,64.5,F,63
F370,160.9,62.7,62.7,86.8,35.4,53,34.5,95.6,71,96.8,99,58.9,F,46
F371,158.2,60.6,60.6,91.3,36.1,53.3,34.5,91.4,82.6,92.6,96.8,54,F,51
F372,153.9,55.5,55.5,88.4,34.1,51,31,88.2,80.6,92.6,92.4,57.6,F,62
F373,160.9,54.1,54.1,82.5,34.5,49.7,31.2,93.5,68.6,94.8,96.6,53.5,F,45
F374,148.3,63.2,63.2,98.4,34.5,49.1,34,84,88.4,102,90.5,58.5,F,57
F375,166.1,70.1,70.1,97,38.1,54,35,99.3,83.5,98.5,100.8,57.8,F,53
F376,155.9,59.9,59.9,93.1,32,52.4,35.3,92.7,81.8,93.2,95.9,55.6,F,61
F377,156.3,56.8,56.8,92,33.6,54.4,30.8,88.1,81.2,93.1,97.9,55.4,F,73
F378,151.1,58.5,58.5,97.5,35.2,51.8,34,86.8,78.2,93.8,93,52.2,F,66
F379,151.9,57.8,57.8,92.8,32.5,50.8,31.9,87.6,79.2,93,90,54.8,F,68
F380,150.6,50.2,50.2,88.3,32.2,47.4,31.7,89.7,74.8,87.4,90.8,49.4,F,65
F381,143.5,46.3,46.3,88.4,30.4,46.2,33.6,83.2,75.2,84.9,88.3,49.5,F,69
F382,145.9,60.9,60.9,95.2,33.5,48.4,33.2,84.1,93.9,96,86,56,F,69
F383,159.5,51.9,51.9,83.3,34.4,51.5,32,92.3,68.5,91.8,95.7,52.5,F,64
F384,160.5,64.7,64.7,93.7,34,53.6,35.4,93.2,78.6,99.1,97,59,F,63
F385,159.2,53.3,53.3,88.2,33.9,50.7,29.2,93.2,66.4,93.5,95.4,55.3,F,35
F386,149.5,57,57,98,34.7,50.1,34,84.9,84.5,88,88.3,53.5,F,61
F387,156,59.6,59.6,91.5,33.8,51.5,31.3,92.4,79,94.2,93.9,54.8,F,61
F388,158.3,51.3,51.3,85,33.5,51.2,31.4,94.4,65.9,86.6,93.3,55.7,F,34
F389,154.3,52,52,89.4,30.5,50,30.5,92,70,89.3,92,51.2,F,68
F390,157.9,58.6,58.6,101,33,50.2,32.5,92.6,85.4,87,93.2,47.7,F,46
F391,162.5,54.3,54.3,83,35.8,51.6,32,94.3,72.4,88,98.1,50.7,F,50
F392,153.7,61.5,61.5,92.7,32.3,51.5,37.6,89.8,88.3,91.5,94.2,52.7,F,74
F393,162.9,57.6,57.6,83.6,36.9,53.3,31,94.2,70.6,95.5,97,57,F,33
F394,156.5,56.5,56.5,92.8,36.4,50.5,33.9,90.7,84.2,89,94.2,52.1,F,73
F395,159.1,53.6,53.6,84.3,34.2,50.5,32.6,91.9,71.4,88.2,97.8,51.8,F,49
F396,164,64.9,64.9,94.8,33.5,53.6,36.5,95.1,80.4,96.2,101.6,57.8,F,53
F397,155.4,52.1,52.1,88.4,35.5,51.9,31.5,88.8,71,89.6,95.2,53.6,F,21
F398,163.7,49.6,49.6,79,34.4,50.8,30.3,95.1,63.8,87.4,99.5,52.5,F,36
F399,160.1,54.3,54.3,82.4,34.7,53.7,32,93.4,76,89,98.8,51.6,F,64
F400,162,53.6,53.6,86.4,34.2,54.4,30.5,93.5,71.1,90.9,98.7,53,F,36
F401,161.9,50.4,50.4,81.6,31.5,54,31,92.3,69.3,87.2,97,50.8,F,30
F402,157,48,48,79.2,32.5,54.5,29,90.2,66.5,86.7,98.5,54.6,F,34
F403,153.9,54.6,54.6,88.4,36.1,49.5,31,89.3,72.8,91.8,91.8,52.8,F,28
F404,158.2,54.5,54.5,89,33.8,51.5,30.3,92.1,68.7,94.6,95.8,57.4,F,26
F405,144.4,42.5,42.5,80.4,30.8,46.5,29.3,83.4,67,82.5,82.4,50.2,F,60
F406,167.8,59.7,59.7,86.5,33.3,55.4,32.1,97.7,75.9,90.9,101.6,55.5,F,42
F407,163.1,56.3,56.3,85.3,34.5,53.3,30.7,95.1,71,95.2,96.8,51,F,53
F408,157.3,56.1,56.1,91,36.1,50.3,31.9,91.3,76.6,94.4,93.8,53,F,66
F409,152.6,60.2,60.2,99.2,32.7,50.3,33.8,89.3,88.1,91.2,92.9,48.8,F,73
F410,156.2,50.4,50.4,82,32.8,49.6,31,91.5,68.9,88,96.9,53.2,F,36
F411,153.7,61.7,61.7,102.3,33.2,50.5,34.5,88.7,86.2,97,94.4,54.7,F,72
F412,162.5,50.3,50.3,79,32.1,52.3,30.8,96.1,65.7,91,79.3,53,F,36
F413,157.8,52,52,83.4,33.5,51,31.8,92.3,70,89.3,93,47.2,F,63
F414,153.7,50.7,50.7,83.2,32.2,50.1,29.1,87.7,67.2,88.4,93.9,55.2,F,33
F415,147.9,63.5,63.5,101.8,34.3,49,36.2,83.6,93,97,89.3,56.2,F,69
F416,167.3,58.2,58.2,87.3,34.1,54.8,32.5,96.4,77.2,94.7,104,54.2,F,21
F417,157.3,65.3,65.3,97.7,32.8,55.2,33,89.6,83,97,96.7,57.8,F,65
F418,150.5,49.7,49.7,87,33,46.6,32,85.9,74.5,91.4,94.1,52.4,F,74
F419,159.9,68.4,68.4,99.8,33.7,53,33.5,92.6,89.5,97.5,96,53,F,63
F420,148.5,48.9,48.9,82.4,31.2,48.2,30.8,87.4,68.6,88.8,88.5,51.2,F,65
F421,163.2,51.2,51.2,82.6,35.3,53.3,31.2,91.6,66,90.5,100.1,52.8,F,62
F422,153.6,54.8,54.8,96,32.9,49.5,32,89.6,79.8,89.4,92.5,51.2,F,62
F423,151.2,47.7,47.7,86.2,33.9,48.8,30,89.2,69,88.4,92.8,50.2,F,66
F424,162.7,63.2,63.2,97.8,35.1,56.5,35,94.4,87.4,94.6,100.3,55.4,F,68
F425,154.5,52,52,81,32.7,50,30.5,91.1,71,91,94.3,50.3,F,69
F426,156.8,51.5,51.5,87.2,32,52.4,32.1,90.2,72.7,87.5,99.2,51.4,F,64
F427,152.4,55.3,55.3,87.7,33.7,50,33,88.7,83.4,88.2,93.4,49.8,F,65
F428,156.4,56.5,56.5,91.4,33.7,50.5,31,90.8,78.6,93.5,98.6,54.6,F,65
F429,147.1,53.4,53.4,88.5,31.5,48.7,31,84.9,73.6,93.4,89.3,56.2,F,66
F430,148.8,60.2,60.2,93,34.3,48.5,32.1,87.9,84.4,97.2,86.2,60.3,F,66
F431,153.2,61.3,61.3,94.6,33.7,51,34,90.6,81,94.7,95.7,56.4,F,75
F432,159.5,57.2,57.2,92.5,32.9,51.5,30.2,92.8,82,93.2,100.5,54,F,67
F433,157.1,48.6,48.6,83,33.1,51.2,30.8,92.3,69,87.5,95.5,49,F,67
F434,161.6,58.7,58.7,89.9,37.3,55,34.5,95.1,77.8,99.6,99.5,55.2,F,65
F435,146.7,54.4,54.4,94,31.7,49.5,32.3,84.8,80.3,87,87.7,49.7,F,66
F436,160.5,52.5,52.5,87.7,35.4,53,30.7,91.4,64,84.8,98.2,52,F,31
F437,158.5,57.9,57.9,90.5,32.2,49.7,32.1,92.5,73.4,92,95.3,56.8,F,71
F438,147.9,45,45,85.2,33.1,49.7,30.6,85.8,76,83.3,92.1,47.2,F,67
F439,150,55.8,55.8,90.8,31.7,51.3,32,86.9,82.8,94.7,95.2,49.7,F,69
F440,159.5,55.6,55.6,87,33.1,51.6,32.6,92.6,78,93.6,101,53.9,F,63
F441,159.4,60.2,60.2,94,34.5,52.7,33.3,92.4,84.2,91.5,98.1,54.5,F,61
F442,154.2,51.9,51.9,85.6,33.4,50.3,32.7,87.9,75.8,87.1,93.5,51.4,F,62
F443,159.7,65.1,65.1,95.9,36.7,52.5,32.2,93.7,82,99,95.6,57.3,F,64
F444,149.5,54.7,54.7,89.1,33.1,48,34,85.7,82.2,91.3,90.4,52.5,F,61
F445,157.9,62.6,62.6,97,34.2,52.7,33.1,91.7,83.3,94.3,95.6,54.4,F,65
F446,149.7,41,41,79.5,33.1,48.6,30.6,86.2,65.8,82.8,92.2,48.3,F,71
F447,166.9,49.3,49.3,76.7,34.3,55,33,95.8,66,85.8,103.5,50,F,30
F448,150,55.7,55.7,90,33,48.7,33,87.4,83.2,92.3,91.1,55.8,F,67
F449,153.2,55,55,85.8,33.3,50.6,33,88.2,80.7,93.6,96.9,54,F,73
F450,147.3,67.8,67.8,103.7,33.6,51,35.4,85.7,98.1,105.8,93.5,56.8,F,70
F451,160.9,56.1,56.1,86,30.9,50.2,32.8,94.9,74.7,93.3,98.6,53.2,F,29
F452,157.9,64,64,95.4,32,51,34,90.7,79.5,99.2,95.9,54.5,F,65
F453,161,65.7,65.7,94.8,32.8,54,34.4,93,90.8,96.5,97.4,54.8,F,66
F454,151.5,66.1,66.1,100.5,33.5,50.8,36,87.8,95.7,99.1,92.5,56.1,F,69
F455,148,44.3,44.3,78.5,33.3,48.8,31.6,86.6,65.7,85.3,91.4,46.1,F,71
F456,156.2,52.1,52.1,84.7,33.5,50.6,31.2,90.9,71.5,90.2,95.2,55.5,F,39
F457,162.2,66,66,89.6,34.1,54.5,31.5,91.4,81.5,103,99.2,62.7,F,38
F458,151.6,51.7,51.7,90.8,34.4,48,34,88.5,76.7,91.2,91.9,50,F,70
F459,147.9,56.8,56.8,88,33.9,49.3,33.5,85.6,76.5,92,88.1,58.6,F,70
F460,155.9,41.8,41.8,73.6,32.5,50.5,29,89.6,52.6,84.4,96.6,46.6,F,39
F461,163.2,56,56,95,36.7,55.3,32.9,92.9,78.3,85.8,103,46.6,F,66
F462,168.6,61.1,61.1,90.5,36.9,52.5,33.8,96.2,75.2,94.4,103.5,53.5,F,62
F463,169.2,65.4,65.4,89.3,35.4,55.5,31,98.3,77.3,96.5,107.1,58.3,F,38
F464,149.2,55,55,93.6,32.2,47.2,33,85.5,81,89.1,93.5,52.8,F,66
F465,147.5,45,45,85,30.8,48.3,29.3,84.8,69.7,86.3,90.4,48.7,F,67
F466,157.6,58.9,58.9,96,32.2,53.7,33,91.2,84.9,91.2,98.5,48.3,F,69
F467,159.6,56.7,56.7,92.8,34.2,53,31.3,90.6,80.4,90.7,98.6,52.5,F,65
F468,152.3,54.4,54.4,87.8,31.6,49.2,31.6,88.1,74.3,90.8,93.9,55,F,67
F469,149.5,6,6,96.8,32.4,49.7,34.2,88.4,84.6,95.8,93.7,96.5,F,73
F470,155,64.7,64.7,99.5,34,52.2,35,88.1,92.2,101.5,94.5,54,F,72
F471,155.6,59.2,59.2,92.4,33.5,52.8,33.5,91.1,84,92.8,97,51.4,F,72
F472,155,53.1,53.1,85,33.6,49.5,30.8,89.5,74,88.9,94.4,52.6,F,61
F473,154.6,54.8,54.8,91,32.9,52.5,31,88.9,81.5,93.5,96.4,50.7,F,75
F474,159.4,65.5,65.5,93.5,32.3,53.5,33.8,90.9,84.1,97.4,98.4,57.6,F,32
F475,166.6,53.5,53.5,79.6,33.4,53.5,30.8,95.2,69,90.2,100.1,54.8,F,39
F476,154.5,60.2,60.2,95.8,32.9,50.2,32.5,90.5,84.8,93.4,94.3,50,F,75
F477,153.4,58.8,58.8,91.2,34.5,50.7,31.8,88.1,80,96.4,93.6,55.5,F,69
F478,155.8,62.5,62.5,98,32.8,54,35,90.3,88.3,94,96.8,52.2,F,69
F479,149.2,51.5,51.5,83.5,33,47.3,30.8,87.1,72.3,88.3,93,54.5,F,70
F480,164,61.5,61.5,89.8,32.6,52.7,31.8,93.3,73,95.7,101.8,56,F,35
F481,153.8,56.2,56.2,90.4,35.7,51.4,31.8,87.9,88.7,88.7,93.5,46,F,64
F482,153.2,33.5,33.5,72,33,49.5,28.3,89,59.3,75.3,94.3,34.8,F,74
F483,148.3,54.6,54.6,93.5,32.9,49,34,88.7,84,88.5,92,48.5,F,69
F484,156.8,54.6,54.6,91.8,36.3,50.2,33,89,74.3,89.7,96.3,47,F,63
F485,159.2,64.8,64.8,98.3,36.5,51.8,32.5,92.1,89.3,95.8,100.6,52.3,F,74
F486,161,53.6,53.6,87,35.3,51.9,30.8,93.9,71.8,90.2,99.8,53.8,F,31
F487,142.3,47.3,47.3,90.6,30.9,46.6,31.1,81.3,75.2,85.4,87.2,52.8,F,68
F488,160.6,56,56,86.3,34.8,52.3,30.7,92.8,67.7,94,99.2,55.2,F,40
F489,156,45.6,45.6,84,33.4,50.4,31.4,91.4,70.8,84.5,97.1,47.8,F,79
F490,154.6,56,56,92,34.7,50.3,33.8,90,80.8,90.5,94,52.5,F,66
F491,159.6,53.9,53.9,86.8,33.9,52,31.6,91.4,71.5,91.6,99.1,50.9,F,70
F492,149,48.5,48.5,81.8,32.3,52.3,30.5,85.1,75,85,90.7,52.5,F,74
F493,159.1,73.3,73.3,105.5,36.2,55,39,90.8,98.9,100.3,100.1,54.2,F,72
F494,157.7,59.7,59.7,88.3,33,52.8,32.8,89.5,78.4,93.9,95.4,57.5,F,66
F495,145.6,46.7,46.7,86.7,31.2,46.8,30.4,85.2,72,86.3,87.7,51,F,72
F496,157.4,55.6,55.6,87.5,34.4,50.5,33.7,91.1,76.3,91.8,96,53,F,74
F497,159.3,57.7,57.7,83.7,32.8,49.6,30.6,92.3,73.3,97.8,97.2,58,F,45
F498,155,57.4,57.4,91.7,33.3,51,32,88.4,80.5,91.5,95.6,51.8,F,66
F499,151.7,52.7,52.7,86.9,33.7,49.7,31,86.2,75.1,93.5,88,54.8,F,68
F500,176.9,77.6,77.6,93.6,41.6,57.3,38.2,103.4,81.5,102.2,107.2,62,M,21
F501,177.1,69.1,69.1,91.9,39.9,58.2,34.8,99.4,76.5,91.7,106.8,54.9,M,25
F502,173.1,74.5,74.5,94.7,39.4,56.8,42.1,97.8,80.8,96.9,106.2,56.6,M,53
F503,178,72,72,89.4,40.6,57.7,38.5,101.7,75.8,95.2,107.8,59.1,M,40
F504,174.6,64,64,89.5,41.2,57.7,36.6,100.6,72.8,91.4,105.9,52.2,M,27
F505,174.4,81.5,81.5,96.2,38.9,55.9,38.4,99.1,87.7,101.9,108.2,59.7,M,22
F506,170.2,86.9,86.9,101.6,40.7,56.8,41.3,101.5,94.6,103.2,105.4,63.8,M,39
F507,181.6,73.3,73.3,95.8,39.6,58.1,35.1,105,78.6,92.6,110.6,54.5,M,28
F508,177.9,78.4,78.4,92.3,38.6,58.7,39.7,100,82.1,100.4,108.6,60.9,M,26
F509,172.8,58,58,84.9,40.1,54.4,35.2,98.6,72.3,86.9,103.8,49.8,M,41
F510,172.7,78.9,78.9,98.3,40.7,54.4,39.6,99.7,89.3,99.9,104.5,60.6,M,58
F511,179.9,74.2,74.2,97.9,41.4,59.8,38.1,99.5,77.7,94.8,110.6,55.8,M,23
F512,172.8,70.6,70.6,91.7,39.4,56.8,35.9,96.4,82.7,100.1,107.6,59.4,M,39
F513,176,73,73,100.5,42.4,54.7,36.7,101.2,84.5,95,107,55.3,M,36
F514,174.6,68.7,68.7,84.1,39.4,54.1,36.6,97.1,79.7,95.8,104.6,58.1,M,31
F515,165.9,65.4,65.4,91.1,38.9,53.4,36.8,96.8,82.2,90.6,96.7,50.1,M,58
F516,177,63.2,63.2,85.1,42.7,56,33.5,98.1,70.9,93.4,107.6,54.4,M,30
F517,169.3,56.4,56.4,85.6,37.6,50.3,33.8,95.5,82.7,87.3,103.3,45.8,M,72
F518,180.3,82.1,82.1,95.6,41.6,57,39.2,100.7,83.7,102.3,110.4,60.6,M,22
F519,172.8,56.3,56.3,83,37.1,57.9,34,96.4,70.1,86.6,105.6,47,M,28
F520,161.9,70.3,70.3,91.5,38,53.3,39.8,90.5,98.3,95.2,100.2,57.3,M,80
F521,165.8,85.5,85.5,98.3,40.4,56.3,39.1,94.4,98.2,104.6,98.4,65.7,M,34
F522,168.2,62.5,62.5,91.2,39.4,56.1,38.1,94.7,82.9,90.4,100.9,54.6,M,44
F523,172,67,67,96.9,40.3,55,35.6,95.2,73.6,91.9,104.8,53.7,M,28
F524,175.2,74.9,74.9,94.5,40,56.9,36.2,99.7,84.5,97.1,105.9,58.1,M,24
F525,166.3,64,64,93.9,41.9,53.4,36.8,94.7,83.2,90.1,98.5,52.5,M,52
F526,170.8,76.9,76.9,96.1,41.9,53.5,36.7,94.6,82.6,99,97.8,93.7,M,30
F527,170.3,70.5,70.5,92,42.6,55.1,37,98.6,79.5,93.1,102.6,54.8,M,39
F528,179.2,87.3,87.3,102.4,42.6,58.4,39.5,100.2,87.6,101.8,108.8,61.5,M,37
F529,172.6,72.9,72.9,88.5,42.1,53.8,36.5,99.3,84,99.4,107.6,59.5,M,51
F530,165,73.1,73.1,94.5,43.4,54,39,90.2,84,97.5,100.2,59.2,M,22
F531,166,46.6,46.6,78.8,34.4,53,32.8,17,65.6,84,102,46,M,78
F532,166.2,53.6,53.6,85.2,38.3,54.2,34.5,90.7,71,84.7,99,48,M,53
F533,174.9,64,64,89,40.3,55.2,36.6,95.5,72.5,89.5,102.7,51,M,26
F534,172.6,77.3,77.3,99.4,41.4,56.3,39.3,96.3,86.5,98.5,106.6,57,M,28
F535,179.8,70.2,70.2,92.5,42.9,56.7,35.5,98.2,77.5,90.6,107.4,57.2,M,25
F536,171.3,70.7,70.7,91.8,38.2,54.3,38.5,93.9,94,96,102.9,54.5,M,56
F537,177.6,73.3,73.3,95.7,40.3,58.3,36.6,98.7,77.6,99,111.4,58.4,M,26
F538,170.7,70.1,23894,93,42,54.8,36.6,97.3,74.7,90.5,102.4,53.6,M,42
F539,180.9,57.3,57.3,80.6,39.5,58,34.3,100.2,68.9,85,109.5,50,M,27
F540,170,58.1,58.1,83.8,39.2,54.3,34,96.3,71.5,88,102,50.2,M,24
F541,170.3,70.9,70.9,95.6,38.6,55.6,36.5,95.5,86.2,95.5,103.9,55,M,70
F542,160.4,69.6,69.6,95.6,37.4,51.4,39.3,90.3,87.5,97.6,93.5,58.2,M,46
F543,178.6,71.2,71.2,92.5,42,56.8,35.7,97.6,83.2,93.3,109.1,52.5,M,48
F544,174.5,61,61,85.8,39.5,57.9,35.3,94.5,83.7,89.8,100.8,50,M,64
F545,170.9,86.2,86.2,104.5,41.6,55.7,41,97.3,98.3,101.6,103.9,61.5,M,32
F546,165.7,59.7,59.7,87.6,39.6,50.1,34.9,94.7,74.1,89.1,97.2,53.7,M,23
F547,175.6,67.4,67.4,93.2,40.6,54.5,36.7,99.4,75.3,95.4,106.4,54.8,M,45
F548,173.3,70.6,70.6,87.4,39.5,56.2,37.6,97.5,82,95,106.1,57.6,M,30
F549,173,70.5,70.5,94.3,39.5,56.4,39,97.7,87,95,104.9,54.5,M,48
F550,176.4,73.4,73.4,98.1,43,55.3,36.6,98.9,79.7,95.3,107.4,57,M,33
F551,167.4,71,71,91.3,39.2,52.9,37.8,96.1,84.4,96.3,101.6,55.7,M,63
F552,168.5,72.2,72.2,93.8,40.4,54.9,36.7,95.7,91.1,98.3,100.4,55.7,M,54
F553,169,75,75,97,40.7,52,37.8,98.2,80.3,98,98.5,57.9,M,23
F554,174.5,75,75,95.2,39.7,54.9,36.8,96.3,83.9,97.5,102.9,58,M,22
F555,170.6,79.1,79.1,99,41.9,55,42.8,95.8,94,95.2,101.5,50.4,M,69
F556,169,65.2,65.2,88.7,39.9,54.6,36,93.7,78,94,100.6,57,M,31
F557,175.3,79.2,79.2,96.2,40.1,54.3,38.3,98.5,89.3,102.2,109.1,60.3,M,46
F558,173.6,68.5,68.5,91.1,40.8,54.7,38.1,97.6,77.1,92.7,105.3,53.7,M,47
F559,167.6,65.2,65.2,87,39.4,53.4,37.5,94.5,78.3,98.2,101.6,56.9,M,41
F560,165.7,64.1,64.1,86,39.4,52.4,34.3,91.7,78.9,91.4,99.7,54.8,M,38
F561,176.1,91.2,91.2,100.5,43.5,57.6,39.5,97.9,93.2,106.7,105.5,64.2,M,32
F562,170.6,69.4,69.4,93.4,39.6,25.7,35.5,91,77.7,94.5,102.3,57.1,M,25
F563,183.1,79.5,79.5,100.7,41.4,60.3,38.8,101.6,84.9,95.5,112.8,57.5,M,24
F564,165.1,69.2,69.2,94,39.1,55,38,92.1,85,93,99.9,53.8,M,60
F565,171.4,84.5,84.5,101,36.5,54.4,39,97.8,91,101.3,106,62.5,M,44
F566,163.7,58.9,58.9,92.7,38.4,51.5,34.7,93,74,86.8,98,49.9,M,41
F567,172.7,67.3,67.3,90.5,40.9,52.5,36.2,95.6,73.3,92.2,102.2,56.3,M,27
F568,164.3,66.2,66.2,88.8,37.3,53,37.9,94,83.5,92.6,99.9,55.1,M,65
F569,171.9,70.7,70.7,88.4,38.6,51.9,37.2,95,79.3,93.2,101.4,94.5,M,27
F570,183.8,89.2,89.2,97.4,43.6,59.8,37.8,104.6,90.8,103.5,112,62.6,M,24
F571,171.7,62.2,62.2,93.5,36.2,57.8,37.8,95.2,69.5,87.5,105.3,51.2,M,24
F572,164.6,69.2,69.2,93.5,36.3,50.2,38.7,96.7,82.8,97.5,97.4,58,M,46
F573,174.1,56.9,56.9,83.8,38.4,58.2,34.5,97.7,71,86.4,105.9,47.4,M,30
F574,173.7,60.1,60.1,84.6,37.9,59.1,36.7,94.5,76.4,89.1,108.9,50,M,26
F575,174.4,69.1,69.1,85.4,36.1,57,38.6,96.5,81.8,95.4,107.5,57.8,M,26
F576,172.5,73.8,73.8,91.1,38.4,52.6,41.2,99.6,83.4,93.6,102.9,55.5,M,41
F577,172.6,66.3,66.3,90.7,40.6,52.8,38,96.8,84.9,93.1,105.6,52.2,M,47
F578,170.6,82.1,82.1,98.7,42.1,52.4,40,95,96.7,100.9,103,59,M,51
F579,169.7,64.5,64.5,89.3,41.3,55,35.6,93.3,73.2,90,102.2,52.3,M,31
F580,173.3,62.2,62.2,89.4,40.4,53.6,33.6,95.9,70.7,91,103.5,52.6,M,21
F581,169.7,85.5,85.5,100.2,41.4,53.8,38.1,95.8,98.1,101.9,102,61,M,41
F582,176.7,55.8,55.8,85.9,41.1,56.9,34.5,97.4,61.7,85.3,107.9,47,M,27
F583,171.6,67.6,67.6,92.9,41.2,56.6,36.4,92.3,81.9,94.7,103.6,55.2,M,34
F584,163.1,74,74,98.6,42,51.2,38.7,92.2,89,97.4,98.2,59.1,M,34
F585,171.7,58.8,58.8,84.3,36.8,54.4,33.1,94.9,77.1,88.2,103.9,50.1,M,32
F586,178.5,85.6,85.6,99.2,43.3,61.4,37.5,101.9,91,99,106.9,61.3,M,22
F587,176,75.9,75.9,93.9,39.9,56.7,36.4,99.4,79,99.4,108.1,57.3,M,41
F588,187.7,87.3,87.3,99.3,43.3,60.7,37.3,105.2,88.5,104,115.4,61.4,M,36
F589,170.6,63.6,63.6,91.1,40.6,57.3,37.6,96.5,81,87.5,103.5,48.4,M,33
F590,168.1,68.4,68.4,95.2,36.6,52.9,34.6,92.3,82.9,92.8,103.1,55.7,M,23
F591,172.8,65.8,65.8,91.8,41.4,55.2,36.6,96.4,81.2,87,103.2,50.5,M,52
F592,177.3,82.1,82.1,100.2,44.5,57.7,36.7,99.1,83.5,100,108.5,60.7,M,34
F593,178.7,74,74,90.7,41.6,58.4,37.1,100.8,83.9,95.4,1110.5,56.7,M,35
F594,168.6,70.8,70.8,94.1,40.9,51,37,95,87.3,95.2,99.7,52,M,70
F595,175.6,53.4,53.4,81.3,39.8,55.2,32.2,97.8,61.3,85,101.7,47.5,M,20
F596,170.8,67.1,67.1,86.8,38.3,52.8,33.7,95.7,87.8,88,103.6,50.3,M,69
F597,175.5,73.3,73.3,92.2,44.6,55.7,36.6,98,82.3,98,105.6,56.2,M,41
F598,173.6,84.6,84.6,98,42.1,53.4,40,95.7,93.4,98.7,101.9,59.7,M,50
F599,168.6,75.4,75.4,93.8,40.4,50.5,40.1,88.4,87.3,97,96.8,60.2,M,56
F600,177.6,81.1,81.1,93.8,42.4,55.7,38,96.4,81.9,100.9,106.2,59.5,M,27
F601,174.6,75.4,75.4,94.9,41.6,55.8,37.4,94.1,85.7,94.5,103.7,57.1,M,40
F602,172.8,85.7,85.7,101.5,41.6,54.7,37.5,95.7,91.5,104,105.1,61,M,48
F603,174.3,66.4,66.4,87.2,40.1,56.5,36.1,96.4,77,91,105.1,48.9,M,72
F604,165.8,65.5,65.5,90.8,39.7,53.5,38,92.7,86,92.8,98.8,53.1,M,52
F605,167.6,73,73,93.9,42,53.3,40.4,93.4,88.1,92,98.4,55.3,M,48
F606,175.4,87.7,87.7,102,42.6,56.9,37.8,98.6,96.2,105.5,107.1,63.6,M,31
F607,167.9,65.5,65.5,90,38,54.5,36.7,93.8,87,91.2,101.7,53.4,M,48
F608,166.7,71.8,71.8,95.5,40.1,53.1,37.8,92.1,90.4,90.3,96.5,50.9,M,60
F609,170.2,68.9,68.9,88.5,40.4,55.3,38.5,94.9,78,92.4,102.9,51.8,M,45
F610,165.8,66,66,89.6,36.2,54.3,36,85.6,80.5,93.2,100.1,52.5,M,63
F611,166.3,60.9,60.9,90.8,38.3,54.2,33,92.7,78,87.2,100.2,50.7,M,42
F612,172.6,73.8,73.8,95.5,41.4,56.6,34.5,93,85.8,95.8,104.8,58.3,M,29
F613,172.1,64.2,64.2,86.9,41,54.3,36.8,92.5,83.3,90.2,103.5,51.2,M,44
F614,175.1,65.4,65.4,90.6,39,56.6,35.8,96.6,76.6,90.3,103.6,50.8,M,40
F615,165.6,68.4,68.4,98.1,41.6,54.1,34.3,88.5,73.1,92,98.1,59.8,M,30
F616,165.2,76.4,76.4,97.4,38.2,52.9,38.2,95.7,99.8,97.6,96.3,58.2,M,69
F617,173.9,81.9,81.9,96.1,41.3,55.5,37.3,96.7,94.5,99,103.6,58.9,M,65
F618,184.1,95.1,95.1,104.3,46.4,57.5,40,100.6,98,106.1,109.8,61.3,M,30
F619,176.3,58.6,58.6,80.3,40.6,55.7,36.4,101.3,66.8,91.1,105.8,47.4,M,43
F620,171.6,68.4,68.4,93.9,40.6,55.1,37.5,95.5,91.7,91.6,105.2,50.2,M,68
F621,162.3,70.2,70.2,91.3,37.5,52.3,38.2,91.2,91.7,90.4,95.7,53,M,72
F622,174.4,81.4,81.4,95.4,40.5,54.9,36.4,96,90.5,100.6,103.7,60.3,M,33
F623,166.2,84.7,84.7,98.4,41.1,96.2,37.8,90.7,98,102.6,102.6,65,M,51
F624,175.9,82.2,82.2,94.6,40.6,56.3,38.2,97.8,91.2,100,106.7,59.8,M,38
F625,163.9,57.6,57.6,85.3,38.5,49.7,35,92.8,79.3,87.4,98.9,49.7,M,59
F626,181.2,71.4,71.4,92,41.3,56.4,34.9,97.1,79.8,93.2,109.4,54.8,M,24
F627,174.1,59.9,59.9,84.8,37.9,57.2,33.2,94.4,71.1,87.7,105.3,51.3,M,23
F628,181.1,81.1,81.1,92.8,41.6,56.6,37.2,102.6,88.4,95.7,109.7,58.1,M,41
F629,175.4,76.8,76.8,88.9,42.1,54.8,35.3,99.3,83.5,95.5,105.1,58.6,M,46
F630,181.1,81.5,81.5,95.6,44,58.2,37.6,99.6,79.6,98.3,108.9,59.4,M,27
F631,178,74.4,74.4,93.3,41.7,57,35.6,96.2,78.8,95.1,107.7,56.2,M,30
F632,183.4,69.9,69.9,86.9,39.1,58.6,35.6,100.9,73.8,93.2,110.3,58.4,M,25
F633,165.8,79.6,79.6,99.5,40.3,53.7,42.9,91.2,96.9,100.5,99.7,62.8,M,54
F634,168.4,58.8,58.8,85.6,41.4,53.8,34.7,93.9,70.7,85.5,103.6,52.4,M,24
F635,169.2,70.2,70.2,87.6,39.4,53.4,34.8,94.5,81.1,94.7,102.1,59.4,M,46
F636,179.3,59.4,59.4,82.1,38.9,54.4,32.8,100.6,66.2,88.5,108.6,50.6,M,25
F637,177,74,74,90.8,40.7,55.1,33.7,98.2,78.9,101,108.5,62.8,M,27
F638,171,74.1,74.1,94.1,38.1,54.4,37.1,93.9,93.2,93.2,101.1,56.7,M,50
F639,169.5,55.7,55.7,84.2,35.6,55.2,33.4,90.8,72.6,83.8,102,45.9,M,59
F640,165.5,70.2,70.2,90,38.8,49.8,36.2,93.2,86.7,89.7,97.4,53.5,M,63
F641,168.8,65.3,65.3,89.5,39.7,53.7,35,96.1,74,90.4,101.4,53.9,M,36
F642,178.2,77.8,77.8,94,39.3,55.9,37.5,100.8,90.1,98,108.1,59.3,M,46
F643,175.9,92,92,106.5,22.8,59.4,41.7,98,100.7,101.2,108.6,60.4,M,41
F644,174.9,90.9,90.9,101.1,40.5,55.6,41.2,99.1,97.2,100,102.7,58.3,M,48
F645,173.6,57.6,57.6,79.5,37.7,56,34.5,96.1,70.3,86.7,103.8,47.3,M,49
F646,170.4,78.8,78.8,98.2,40.6,55.3,36,95.5,91.6,101.2,101.2,61.9,M,38
F647,172.9,71.7,71.7,93.7,39.7,55.1,36.2,100.3,83.2,93.1,100.9,53.9,M,38
F648,172.9,67.4,67.4,87.5,38.3,54.8,36.2,98.7,83.2,93.9,103.3,93.2,M,66
F649,166.1,69.4,69.4,95.4,36.7,53.3,36.3,94.7,86.5,92.3,98.9,52,M,66
F650,168.7,67,67,82.2,39.8,52.4,36.3,96.6,82.7,90.5,95.2,52.7,M,58
F651,174.9,86.3,86.3,100.3,42.5,57,40.9,96.5,93.8,101.3,105,60.5,M,34
F652,172.2,66,66,87.4,38.4,55.3,35.8,97.8,78.5,89.5,105.4,52.5,M,29
F653,170,73.8,73.8,96,38.5,53.5,38.9,96.7,92.8,93,101.6,94.7,M,65
F654,177.9,77.8,77.8,57.3,40.9,58.3,36.2,97.2,86.2,95.3,107,56,M,38
F655,163.3,64.7,64.7,88.7,38.6,51.2,38,94.3,81.2,91.6,96.6,52.4,M,50
F656,166,60.7,60.7,87,39.5,52.7,34.3,95.3,77.1,89.7,100.7,52.6,M,40
F657,177.8,67.1,67.1,90,38.9,57.6,35.7,98.4,82,95.3,106.6,53.6,M,47
F658,161,66.8,66.8,88.7,40.9,52,38.1,91.1,84,92.9,95.8,56.5,M,49
F659,170.9,54.5,54.5,8.2,38.5,54.9,34.4,96.2,73.2,84.5,101.4,46.7,M,62
F660,166.7,72.9,72.9,95,41.6,52.7,37.3,94.5,91.5,92.5,98.9,56.2,M,44
F661,172.8,68.6,68.6,89.7,39.5,54.5,33.8,98.7,80,91.7,103.2,53.9,M,59
F662,179.9,81.8,81.8,97.5,40.7,58,37.4,104.1,89.7,97.3,110.3,59,M,54
F663,178.1,78.6,78.6,94.5,42.1,58.8,37.9,102.2,86.3,94.5,108.4,55.7,M,58
F664,176.2,67.5,67.5,93,40.3,56.4,35.3,101.7,74.4,92.5,106.8,53,M,28
F665,170.7,69.2,69.2,91.7,40.2,56.2,36.5,95.9,80.8,89.8,104.3,52,M,54
F666,174.8,70.2,70.2,93.6,40.7,55.1,36.3,99.4,78.2,90.8,103.4,53,M,30
F667,178,82.5,82.5,99.4,44.5,56.8,38.8,103.6,79.2,98.4,107.1,61.3,M,22
F668,177.4,67.5,67.5,91.9,38.6,56.9,33.7,99.7,78.8,92.3,109.5,51.3,M,43
F669,172.3,62.6,62.6,86.1,37.3,55.3,36.2,98.6,78.5,89.3,107.8,51.5,M,35
F670,173.4,83.9,83.9,98.3,38,55.8,39.5,98.9,90.9,101.1,105.3,60.3,M,38
F671,172.5,66.1,66.1,91.5,39.7,58.6,33.8,95.4,80.3,90.9,104.4,54.5,M,30
F672,171.2,76.5,76.5,97.8,39.9,56.1,37.8,95.9,76.9,96.5,101.6,61.5,M,22
F673,174.7,80.5,80.5,95.5,42,55.6,37.6,99.6,82.8,99,104.3,62.4,M,22
F674,168.5,59.5,59.5,84,39.7,55.8,34.7,95.7,68.3,87,101.1,52.1,M,22
F675,168,67.7,67.7,93.9,41.3,54.1,37.2,95.6,78.9,91,101.4,55,M,63
F676,166.1,61.4,61.4,86,39.2,53.3,35.3,95.7,77.3,91.2,99.1,52.9,M,52
F677,165.4,60.5,60.5,85,36.9,55.1,33.8,90.7,74.2,86.9,96.5,52,M,35
F678,169.4,66,66,91,40.5,52.7,35,96.4,74,89.4,99,51.2,M,49
F679,169.3,71.5,71.5,92.7,38.7,54.8,36.2,95.4,86,95,101.4,53.5,M,47
F680,167.7,68.8,68.8,103.7,42,54.1,34.4,96.2,76,89.8,100.3,57,M,35
F681,166.7,56.7,56.7,82.5,37,53.1,32.4,93.3,80,84.7,98.5,47.9,M,45
F682,180.9,78.3,78.3,89,39.6,59,34.1,101.3,83.5,99,107.9,59.2,M,32
F683,165,57.6,57.6,82.8,39.5,51.2,33.5,94.4,70.1,88.4,98.9,53.9,M,23
F684,181.7,84.5,84.5,99.5,40.8,57.1,37.1,104.4,94,98,108.6,56,M,36
F685,179.5,66.4,66.4,89.2,42.5,55.8,32.4,99.7,71.3,93.5,107.7,54,M,25
F686,175.4,92.4,92.4,103.4,41.5,58,39.5,101.5,103.2,104.3,103.2,62,M,30
F687,170,78.3,78.3,93.7,39.3,55.3,37.2,94.9,88.8,100.1,102.8,64.4,M,28
F688,179.5,83.2,83.2,99,40,60.4,36.7,104.2,84.2,99,103.3,59.7,M,43
F689,176.2,71.1,71.1,89.3,39.4,57.4,34.3,369.1,79.3,96.6,105.4,53.4,M,37
F690,169,75,75,94,41.8,53,35.2,94,88.4,97.9,100.6,57.9,M,48
F691,158,60.2,60.2,88.7,37.7,49.8,33.4,96.2,77.8,87.5,93.2,53.4,M,53
F692,173.9,74,74,95.5,38.8,52.1,37.1,99,88,93.8,105.1,56.5,M,43
F693,177.5,72.4,72.4,90.9,40.5,54.8,36.1,103.6,78.8,95,107.4,55.3,M,34
F694,170.9,75.2,75.2,96.3,39.2,53.1,35.9,98.1,82.8,97.5,100.6,61.5,M,32
F695,177.7,83.9,83.9,102.2,41.1,63.5,37,100.9,92,100.5,107,58,M,47
F696,170.8,65.2,65.2,90.9,40.2,54.9,34.3,97.3,72.7,90.5,102.9,54.8,M,24
F697,162.5,69.2,69.2,95.2,40.6,24.1,36.5,90.2,83,94,98.3,97.4,M,44
F698,174.7,81.4,81.4,96.3,41.6,56.3,38.2,100.6,90,98.6,104.5,58,M,52
F699,180.4,86.8,86.8,97,44.3,58.6,36.7,99.4,88.1,102.4,110.5,62.2,M,27
F700,170.9,77.2,77.2,99.1,39.4,52.4,34.8,95,87.3,97.3,101.8,60.5,M,32
F701,176.3,76.1,76.1,95.1,41.3,55.4,39.4,98.6,88.2,96.1,104.9,57.5,M,32
F702,173.6,68.1,68.1,92,41.1,55.6,33.4,97.4,79.3,93.8,105.8,53,M,41
F703,171.6,85.7,85.7,102,40.1,53.7,37.6,97.5,95.9,100.5,101.6,58.5,M,31
F704,171.2,100.5,100.5,110.2,40.3,56.1,40.5,98.5,110.8,109.9,94.9,65.6,M,51
F705,175.4,78.1,78.1,94,39.5,56.9,37.6,101.5,85.2,96.4,106.4,54.7,M,45
F706,176.4,103.9,103.9,105.4,41.3,58,40.4,102.3,103.6,112.7,103.4,69.2,M,32
F707,178.9,68.1,68.1,88.1,41,57.9,35.3,102.8,77.4,92,110.9,53.6,M,43
F708,160.5,62.8,62.8,88.5,36,54.3,35.3,93.4,85.3,87.1,94.8,51.4,M,79
F709,178.8,83.1,83.1,92,40.5,55.9,37,101.7,83.7,98,108.6,62.5,M,24
F710,173.8,70.1,70.1,91.6,38.4,54.9,36.3,96.7,77.9,95,106.4,54.8,M,29
F711,175.1,69,69,93.9,39.9,55.9,35.5,100.9,78.3,94.6,106.3,56,M,23
F712,177,85.1,85.1,96.7,40,56.8,38.7,102.5,91,101.2,105.8,61.2,M,37
F713,171.1,81.1,81.1,98.3,39.5,54.3,40.5,96.6,91.2,99.5,101.5,59.2,M,52
F714,186.6,113.8,113.8,116.5,45.6,63.3,40.5,108.2,107.7,112.5,112.2,66.9,M,33
F715,170.8,73.3,73.3,94.6,39.8,52.9,38.8,99.4,84.2,64.2,98.1,57.1,M,48
F716,170.2,65.4,65.4,90.2,41.8,52.8,36.4,98,82.3,87.3,100.8,45.6,M,49
F717,170.5,58.6,58.6,82.2,40.3,53.1,32.5,99.1,71,87.3,103.6,48.6,M,30
F718,174.2,85.8,85.8,99.9,40.4,57.8,39.2,97,95.5,99.5,107.7,60.7,M,57
F719,173.2,67.1,67.1,89.9,40.9,55.7,34.6,98.6,83,87.9,103.5,51,M,50
F720,180.3,84.7,84.7,96.1,42.3,54.8,38.1,104.7,86.9,99.2,106.3,62,M,33
F721,168.5,71.2,71.2,95.4,38.5,54.6,34,97.8,79.7,96,102.3,60.1,M,27
F722,163.5,77.1,77.1,102.7,41.7,53.5,36.1,93.2,87.2,96.5,95.7,57.3,M,27
F723,173.4,74.2,74.2,95.8,39,57,35.4,100.4,81.6,92.7,105.7,56,M,50
F724,174.2,87.6,87.6,99,39.6,55.5,38.6,100.1,93.7,103.1,103.6,60.7,M,41
F725,175.7,72.5,72.5,88.9,40.3,57.5,37.7,99.6,80.5,94,105.8,53.3,M,40
F726,161.3,64.4,64.4,90.9,36,53.3,36.3,91.3,94.6,94.7,99.3,52.4,M,79
F727,168.3,62.1,62.1,81.5,38.6,53.8,34.6,94.5,76.4,90.3,102.2,54.1,M,27
F728,172.4,74.2,74.2,95.7,40.3,51.5,37.5,98.6,80.8,96.5,102.9,56.7,M,33
F729,178.9,71.7,71.7,92.7,39.8,57.3,35.7,101.6,74.8,91,110.3,53,M,25
F730,173.8,71.5,71.5,91.4,38.8,54.8,34.8,98.7,80.2,96,105.5,58,M,25
F731,172.5,71.4,71.4,91.2,39.2,56.5,34.5,94.9,79.9,95,106.1,55.5,M,44
F732,173.4,75.8,75.8,95.9,41.1,55.9,35.8,97,85.9,98.2,103.6,60.3,M,23
F733,168,94.3,94.3,106.4,41.6,54.6,42.3,93.4,103.9,107.4,99.1,62.7,M,49
F734,166.8,69.8,69.8,89.2,39,51.8,36.8,93.6,84,92.9,96.1,53.7,M,49
F735,171,68.7,68.7,9.3,38.7,58.3,34.9,93.1,78.2,95.8,103.8,57.8,M,24
F736,169.2,77.5,77.5,97.4,40.3,54.8,41,96.2,92.8,92.8,100.2,55.7,M,52
F737,163.1,59.5,59.5,89.1,36,50.8,35.2,92.1,76.6,88,95.3,47,M,74
F738,167.6,74,74,93.6,42.8,54.9,37.5,93.7,87.6,94.6,101.7,56.3,M,34
F739,165.5,55.6,55.6,85,37.3,51.6,35.7,94.5,78.2,84.8,94.7,43.3,M,62
F740,170.6,58.7,58.7,85.1,38.2,52.7,34.4,97,81.2,85.7,102.2,47.2,M,47
F741,174.5,73.5,73.5,88.9,39.9,52.4,36.2,100.5,77.4,97,164.8,54.4,M,49
F742,167.9,57.8,57.8,83.5,36.7,54.9,32.8,96,75.6,88.2,102.7,48.5,M,62
F743,161.1,68.8,68.8,97.3,37.5,54.2,37.6,90.7,88.4,94.1,98.7,55,M,61
F744,162.9,71,71,97.7,36.2,52.3,37.6,90.1,89.4,95.8,97.3,54.2,M,67
F745,171.1,74.4,74.4,94.9,42,56,37.1,97.5,84.5,94.4,105.1,58.5,M,31
F746,176.7,66.8,66.8,88.9,39.3,57.9,35.3,98.8,85.4,90.4,109.1,50.7,M,69
F747,169.4,96.9,96.9,111,40.3,56.4,39.7,95.7,103.9,106,97.3,61.3,M,49
F748,168.1,59.1,59.1,89.8,38.7,55.7,33.3,94.2,75.8,86.4,101.4,47.3,M,62
F749,172.6,93.9,93.9,101.9,41.3,54,41.2,100.9,98.5,105,100.5,66.2,M,40
F750,178.6,83.3,83.3,97.2,41.7,61,37.7,100.1,89.3,97.3,107.3,58.2,M,36
F751,163.4,72.1,72.1,92.2,37,53.7,37.9,94.7,85.4,95.5,101.5,53.5,M,47
F752,169.1,62.9,62.9,90.1,39.1,55.5,34.8,98.8,76.9,88.9,100.6,52.8,M,42
F753,160.5,64.8,64.8,88.4,40.7,49.5,36.3,94.6,84.1,92.7,94.4,52.6,M,57
F754,161.1,89.3,89.3,108.4,37.9,54.6,43.2,90,112.5,105.5,90.3,60.8,M,73
F755,166.3,70.7,70.7,95,37.5,53.4,35.6,94.5,84.5,95,98.5,54.7,M,47
F756,179.9,78.9,78.9,94.3,40.9,58.4,34.4,102.3,83.6,98.3,109.8,57.2,M,35
F757,170.2,80.7,80.7,101.4,38.4,56.8,37.9,95.7,96.4,101.2,101.4,58.8,M,53
F758,175.4,87.4,87.4,105.1,39.2,58.8,38.9,100,97.2,99,105.7,59,M,32
F759,173.3,68.1,68.1,89.3,41.5,55.4,36,98.7,80.2,90.8,102.6,51.7,M,58
F760,168.2,60.1,60.1,85.5,36.4,54.5,32.3,95.8,72.8,84.3,101.7,51.2,M,29
F761,181.4,58.9,58.9,84.7,40.3,60.5,34,103.3,71,85.6,110.8,47.2,M,29
F762,177.5,74.2,74.2,88.2,37.9,56.8,37,100.8,74,96.6,105.4,57.5,M,36
F763,176.8,74,74,94,41.6,98.1,36.6,102.2,74.2,96,106.9,98.2,M,34
F764,180,71,71,59.7,41.5,57.2,70.8,103.6,70.8,91.3,110.2,57,M,37
F765,175.1,68.4,68.4,92.7,38.3,55.6,34.5,99.8,73.3,92.6,106.1,52.8,M,24
F766,170.2,71.2,71.2,87.7,37.7,56.9,36,-2.4,85.6,95.7,103.2,58.5,M,46
F767,179,73.1,73.1,89.6,41.1,59,35.5,102.1,81.9,99.9,111.3,53.4,M,27
F768,173.1,68.6,68.6,91.1,37.6,55.8,35.3,97.6,78.7,94.3,106.1,55.2,M,26
F769,178.2,70.9,70.9,94.3,39.8,58.7,35.4,102.8,76.6,91.2,109.4,94.9,M,45
F770,170.9,78.9,78.9,96.8,39.2,54.3,36.3,97.5,91.9,99,99.2,96.6,M,57
F771,173.2,75.6,75.6,91.8,39,57.7,36.6,99,79,91.5,104.6,56,M,31
F772,170.4,65.1,65.1,89.6,41,54.7,34.9,98.9,81,91.3,103.2,50.8,M,69
F773,169.2,76.4,76.4,98.3,38.9,52.5,37,96.2,83.7,97.4,98.8,58.5,M,44
F774,168.7,63.7,63.7,85.3,36.9,55.1,33.8,96.7,74.6,92.4,100.4,57,M,39
F775,180.3,70.1,70.1,89.3,40.2,57.2,34.2,103.2,72,94.6,106.7,53.8,M,40
F776,166.7,83.1,83.1,99.3,38.8,57.2,36.3,95.8,92.2,100.7,100.3,61.4,M,40
F777,175.8,75.5,75.5,91.6,38.8,56.1,36.2,101.5,79.5,95.3,105.2,94.7,M,34
F778,171,72.5,72.5,89.6,38.8,53.3,36.8,97,86.8,93.3,101.7,53.2,M,51
F779,164.3,62.6,62.6,89.9,34.2,51.8,34.3,92.3,76,88,102.4,53.5,M,30
F780,177.3,78.1,78.1,95.1,41.7,56.9,35.7,100.1,80.4,99,107.4,58.9,M,34
F781,172.3,66.2,66.2,84.3,41.6,53.9,34.8,99.6,77.2,91.4,102.5,53.2,M,55
F782,177.5,83.1,83.1,103.3,41.2,56.7,38.6,102.3,89,100.2,109.9,57.5,M,47
F783,167.4,74.6,74.6,100.3,38.7,51.6,36.5,96.3,88,96.4,101.8,56.7,M,55
F784,173.8,77.1,77.1,95.6,41.6,53.4,38,100.5,93,93.5,103.4,52.4,M,67
F785,174.6,61.4,61.4,83.3,37.8,56.5,34.4,97.1,71.9,87.4,104.9,49.7,M,30
F786,177.6,70,70,89.1,39,57.6,33.9,99.6,76.6,91.2,108.9,54.8,M,30
F787,177.8,64.8,64.8,84.8,41.9,56.8,32.8,102.1,75.2,85.5,105.9,50.6,M,30
F788,173.1,82.3,82.3,100.8,39.3,55.2,37.3,100.6,90.3,98.5,104.4,61,M,48
F789,168.8,70.7,70.7,89.4,40.1,52.3,35.1,98.3,80.5,64.5,99.4,55.8,M,48
F790,177.8,74.8,74.8,93.5,40.4,58.2,37,100.7,79.3,94.8,108.8,56.2,M,36
F791,178,87.3,87.3,94.2,38.1,56.2,38,102.6,94,102.3,108.2,59,M,43
F792,171,70.1,70.1,89.5,40.1,50.6,34.3,96.8,83,92.5,103,57.6,M,44
F793,174.3,71.4,71.4,96.7,37,53.9,34.5,99.5,79.5,97,102,54.9,M,42
F794,169.3,76.1,76.1,95.3,38,56,37.3,95.7,84,96.9,101.5,60.2,M,52
F795,170.4,56.9,56.9,83.5,35.1,53.5,36.6,99.1,69.9,85.5,102.2,47.1,M,63
F796,168.3,67.8,67.8,93.5,37.4,53.1,39.7,91.8,80.7,92,101.6,52,M,53
F797,167.3,88.5,88.5,108,37.4,57.6,37.3,96.9,99.5,105.1,102,66.3,M,24
F798,168.6,58.9,58.9,84.5,36.3,55.8,36.3,93.4,68.3,87,101.7,51.8,M,46
F799,167.5,80,80,103.5,37.6,56,39.1,93.1,92.3,96.8,102,57.5,M,43
F800,174.6,80.7,80.7,97.8,40,58.7,39.3,98.3,89,99.6,105.6,60,M,36
F801,170.9,80.8,80.8,99.2,37.1,54.7,39.6,96.1,96,99.4,103.7,57.9,M,66
F802,173.8,73.8,73.8,96.5,38.4,57.1,38,96.9,80.3,95.2,104.9,56.5,M,51
F803,169.9,62,62,89.5,39.2,53.6,33.8,93.7,77.8,89.5,103,51.3,M,42
F804,165.5,57.1,57.1,82.4,35,52.1,34.3,92.1,74.7,88.9,99.3,50.7,M,58
F805,162.8,56.1,56.1,86.6,36.4,51,35,92.2,74,87.4,100.6,51.4,M,57
F806,172.2,61.8,61.8,86,38.5,57.5,37.4,98.9,72.9,88.5,105.1,51.8,M,42
F807,171.6,70.2,70.2,90.7,37.5,57.3,38,97.5,79.9,94.5,103.7,56,M,43
F808,177.5,91.1,91.1,103,39.1,59,41.3,98.5,103,102.9,105,58.6,M,66
F809,166.3,77.9,77.9,104.7,37.2,54.8,39.3,92.4,87.4,100.2,99.2,59.2,M,72
F810,172.9,78.6,78.6,96.4,36.4,56.8,39.2,98.5,95.5,95.8,102.5,55.5,M,58
F811,167.2,67.5,67.5,93.8,36.6,55.2,38.8,93.4,85.1,92.5,101.6,52.5,M,67
F812,176.4,83.2,83.2,98.7,40.3,58.5,39,97.9,93,98.6,105,56.6,M,52
F813,172.1,57.8,57.8,85.6,37.6,53,31.8,96.1,73,87.1,102.1,51.2,M,41
F814,176.2,68.4,68.4,88,39.7,54.7,35.2,99.4,74.7,92.5,102.6,53.9,M,42
F815,170.5,83.2,83.2,101,37.9,57.3,40.3,97,93.3,98.1,103.8,62.4,M,24
F816,176.8,73,73,93.8,40,59.6,37.5,101.6,83.9,96.7,107.5,57.2,M,24
F817,173.5,79.6,79.6,98.9,36.4,56.7,40.5,99.4,92.2,97.2,103.2,59.2,M,59
F818,176.9,88.3,88.3,98.7,41.4,58.5,39.5,99.2,90.4,104,105.4,62.7,M,32
F819,169.1,71.6,71.6,95.3,38.9,57.5,37.2,94,86.9,92.1,103.6,54.3,M,55
F820,177.7,87.2,87.2,97,42,57.6,38.8,101.9,90.7,104.6,105.6,61.7,M,35
F821,174.6,71.2,71.2,92.3,39.6,57.8,37,100.5,86.1,94.7,106.5,52.6,M,45
F822,181.6,82.7,82.7,99.5,40.2,58.9,36.4,101.3,84.8,99.6,108.3,58.7,M,34
F823,170.4,65.8,65.8,86.6,35.7,55.1,37,92.5,82.5,90,102.1,52,M,44
F824,187,82.8,82.8,93.7,41.5,60.3,35.7,106.6,82,98.4,112.5,60.4,M,37
F825,175.4,58.4,58.4,86.9,38,56,34.6,96.9,65.3,87.3,105.7,51.5,M,44
F826,171.6,98.5,98.5,112.4,39.7,58.3,40.5,96.6,99.7,110,103.6,66.2,M,32
F827,171.2,79.2,79.2,101.6,39.4,55.2,39.3,95,92,94.5,102.9,95.4,M,53
F828,174.8,88.2,88.2,98.7,41.8,57.6,39.5,97.8,100.5,103,101.6,60.4,M,53
F829,175.8,83.5,83.5,98.2,41.8,54.4,40.2,98.3,86.8,95,104.7,58.6,M,40
F830,170.4,64.9,64.9,90,37.4,55,37.4,94.5,79,88.5,100.2,52.6,M,53
F831,164.7,62.5,62.5,86.3,35.6,52.2,34.3,91.2,76.1,91,100.9,56.5,M,27
F832,174.8,70.4,70.4,89.7,38.2,54.6,36.7,97.6,90,91.6,102,53,M,54
F833,177.3,93.1,93.1,106.9,39.4,57.5,44,101,99.3,100,109.2,62.9,M,49
F834,175.3,64.7,64.7,87.6,33.1,55.7,34.6,99.3,79,89.1,108.5,53.2,M,22
F835,175.3,75.3,75.3,94.5,37.9,57,37,98,86,95,105.2,53.1,M,52
F836,168.7,71.6,71.6,89.7,37.8,52.4,37.4,95.9,85,95.1,100.2,55.6,M,41
F837,168.6,97.4,97.4,92.9,38,55.1,34.8,95.8,74.2,90.8,102.3,54.7,M,40
F838,163.2,75.9,75.9,102.8,37.2,52.4,39.4,93.8,96.4,96.5,100.8,55.9,M,78
F839,167,70.7,70.7,94.9,37.8,54.4,36.9,96.2,88.6,92,99.7,53.8,M,72
F840,163.1,69.3,69.3,93.5,36.7,51.2,40.6,94.8,89.8,95.2,98.6,50.4,M,75
F841,171.1,83.4,83.4,102.1,42.8,54.6,40.1,100.8,97.2,100.2,103.4,54.6,M,66
F842,172,78.7,78.7,99.1,41.8,54.2,39.8,100.4,85.8,100.1,103.6,58.3,M,46
F843,179.4,61.4,61.4,83.3,40.3,56.8,34.6,103.6,67.8,87.9,109.2,51.1,M,26
F844,163,62.2,62.2,90.6,39.4,50.9,35.8,92.5,78.5,90.4,100.4,51.1,M,59
F845,168.5,64.6,64.6,90.1,37.6,53,36.7,95,84.9,91.9,103.8,51.4,M,66
F846,169.7,58.6,58.6,84.6,38.8,53.1,35.2,97.8,77.8,87.7,101.6,50.1,M,54
F847,164.8,75.9,75.9,98.9,39.8,55.2,38.7,94.3,91.1,96.8,98.5,55.1,M,60
F848,178.1,80.2,80.2,94.7,44.3,55.2,39.4,103.3,84.2,98.9,108.6,57.8,M,34
F849,177.4,80.8,80.8,93.5,40.3,56.6,38.6,100,83.9,99.2,108,59.8,M,36
F850,173.8,89.4,89.4,99.1,38.7,56.2,40.3,102.3,96.5,102.9,104.6,61.2,M,55
F851,179.3,81.7,81.7,95.6,40.9,59.1,36.7,103.5,83.7,98.4,112.1,60.5,M,35
F852,170.7,91.1,91.1,102.3,40.8,52.5,43.4,94.5,100.9,102.2,100.9,60.8,M,58
F853,178.6,63.6,63.6,84.6,41.4,56.6,35.8,100.8,72.9,89.7,112.1,49.8,M,31
F854,174,66.3,66.3,87.6,37.9,54.6,37.6,97.1,79.8,94.1,105.7,56.8,M,26
F855,172.8,105.6,105.6,113.4,40.7,54.2,45.1,99.1,116.5,109.5,99.4,64.1,M,56
F856,167,66.1,66.1,91.5,38,55.8,34.8,96.5,83.9,90.8,101.2,50.8,M,71
F857,169.7,69.3,69.3,98.1,40.1,54.9,38.1,98.8,87.6,91.9,103.4,53.2,M,55
F858,174.5,80.9,80.9,99.8,40.3,54.6,39.7,100.4,90.6,99.4,106.5,58.2,M,51
F859,177.3,62.1,62.1,86.4,39.6,58.8,36.2,103.5,73.1,93.2,111.4,50.1,M,53
F860,169.8,70.3,70.3,93.2,38.8,52.9,38.4,99.1,86.8,94.9,102.6,52.5,M,55
F861,167.3,64.5,64.5,88.9,36.9,52.6,35.6,98.9,80.2,92.1,98.8,50.2,M,59
F862,169.2,72.2,72.2,92.6,35.9,50.6,39.6,100.6,86.8,94.1,99.6,56.9,M,64
F863,170.9,73.3,73.3,92.9,41.4,53.1,,143.1,88.7,97.4,74.9,56.1,M,55
F864,174.3,63.8,63.8,88.9,37,57.8,36.5,101.2,76.1,91,106,52.1,M,36
F865,177.9,81.7,81.7,104.2,41.6,58.4,40.8,99.2,90.6,94,107.1,53.6,M,65
F866,176.4,88.9,88.9,104.3,39.9,56.6,39.8,99.7,95.7,100.9,104.8,58.1,M,61
F867,175.3,81.4,81.4,96.1,38.6,53.6,40.1,100.2,90.6,100.4,103.8,56.8,M,69
F868,172.4,84.4,84.4,101.1,38.9,57.1,42.4,99.1,97.4,102.2,100.4,57.3,M,53
F869,167.5,67.3,67.3,89.6,37.9,52.7,39.6,99.7,82.1,93.6,101.3,52.3,M,51
F870,175.3,74.4,74.4,92.1,39.9,53,39.4,98.2,85.2,93.8,101.3,54.1,M,51
F871,163.8,68.5,68.5,92.4,35.8,52.5,41.2,94,90,94.6,99.7,56.2,M,60
F872,175.6,66.7,66.7,89.3,38.6,55.3,38.4,101.7,83.2,91.4,104.6,53.5,M,58
F873,173.2,92.7,92.7,105.4,41,55.9,44.7,98.1,98.2,104.3,104.5,62.4,M,64
F874,163.1,66.6,66.6,95.2,38.3,51.9,39.2,90,84.7,92.6,96,55.1,M,67
F875,172.7,66.1,66.1,89.8,39.6,55.3,39.6,97.4,78,88.9,104.6,52.4,M,57
F876,169.1,59.6,59.6,86.4,37.1,53.8,36.1,98.3,72.3,89.6,102.1,50.7,M,56
F877,164.9,66.1,66.1,94.6,37.5,52.6,37.4,96.9,83.2,94.6,98.9,54.1,M,68
F878,168.4,66.1,66.1,90.8,38.2,53.3,38.5,99.5,88.3,89.2,99.4,49.2,M,66
F879,165.3,72.9,72.9,95.7,38.6,50.3,40.6,96.1,84.3,94.6,99.5,58.7,M,52
F880,160.4,57.2,57.2,87.1,36.6,51.4,38.7,92.5,80.3,85.4,95.5,48.7,M,65
F881,174.4,78.1,78.1,95.4,39.7,53.8,38.5,100.4,84.6,97.6,104.8,56.2,M,55
F882,173.7,78.7,78.7,94.7,39.5,57.1,39.8,99.5,90.7,98.3,104.6,57.9,M,53
F883,167.1,78.1,78.1,94.1,38.7,53.2,39.4,96.9,89.8,102.4,100.7,59.2,M,56
F884,173.4,74.9,74.9,95.3,39.5,54.4,40.8,98.4,87.2,96.7,104,57.1,M,52
F885,170.2,66.4,66.4,94.9,36.8,55.6,41.3,97.5,89.1,88.7,104,49.8,M,69
F886,165.8,69.7,69.7,92.3,37.8,50.8,40.3,94.9,88.6,94.3,98.4,94.2,M,58
F887,163.2,72.4,72.4,94.9,37.9,51.4,39.3,93,89.8,94.5,97.2,54.3,M,65
F888,165,66,66,92.7,36.4,52.1,38.2,96.3,84.6,94.2,99.7,54.1,M,58
F889,169.5,78.6,78.6,98.1,38.8,55.5,42.2,96.5,93.8,96.8,101.3,53.3,M,67
F890,11,77.3,77.3,98.4,40.1,56.7,39.3,97.5,92.3,95.9,102.9,54.2,M,68
F891,167.9,64.8,64.8,89.8,36.6,53.6,36.4,98.1,78.6,89.6,99.8,51.2,M,53
F892,163.1,67,67,89.4,37.9,51.7,38.5,93.4,82.6,92.4,97.6,55.1,M,58
F893,174.9,80.9,80.9,98.8,38.9,53.7,42.8,99.8,95.9,98.2,106.4,56.3,M,59
F894,182.9,75.9,75.9,91.8,37.8,60.1,40.6,106.8,91.5,95.2,113.8,55.3,M,59
F895,168.1,66.6,66.6,91.2,37.1,52.6,38.9,94.8,80.6,92.4,103.9,54.7,M,55
F896,169.9,67.6,67.6,90.4,37.6,54.8,38.6,97.6,84.3,90.8,102.8,49.8,M,49
F897,175.7,72.7,72.7,95.3,40.4,57.7,37.6,102.2,81.7,95.4,107.9,55.8,M,32
F898,174.6,83.3,83.3,106.3,41.9,54.1,40.5,102.9,85.4,97.2,101.8,60.6,M,46
F899,174.7,83.7,83.7,101.8,40.1,56.1,38.4,102.6,91.2,101.2,105.3,60.2,M,44
F900,167.1,78.3,78.3,100.6,40.5,53,42,98,90.1,95.3,102.8,55.4,M,46
F901,162.3,74.4,74.4,97.3,37.6,51.6,39.7,94,95.1,94.1,96.2,54.3,M,59
F902,171.2,68.1,68.1,93.2,36.8,55.6,37.4,98.8,78.1,92.8,102.3,93.1,M,43
F903,163,72.2,72.2,96.1,37.2,52.2,39.5,91,94.3,96.3,96.4,52.3,M,72
F904,165.2,76.4,76.4,93.8,38.4,51.9,40.4,95.9,88.3,99.4,97.1,59.9,M,42
F905,171,65.3,65.3,86.2,32.8,50.5,38.3,98.5,79.4,92.8,102.2,52.2,M,45
F906,169.6,75.6,75.6,92.2,37.3,54.6,39.7,98.3,89.7,97.8,105.8,55.6,M,59
F907,176.8,77.6,77.6,95.8,39.1,56.6,39.1,104.9,83.7,99.5,107.4,58.2,M,32
F908,174.4,78.1,78.1,96.9,39.8,55.3,37.5,100.4,87.8,97.7,106.2,58.4,M,60
F909,172.8,69,69,94.2,38.8,53.9,36.7,99.6,80.8,92.4,102.9,50.5,M,52
F910,172.4,65.1,65.1,92.3,38.2,53.8,38.2,100.7,81.8,89.7,106.7,51,M,52
F911,166.4,67.4,67.4,91.4,38.3,51.6,37.2,95.3,79.2,91.8,100.7,54.7,M,50
F912,154.7,59,59,88.2,34.8,52.5,40.4,88.8,85.7,89.6,92.7,48.7,M,75
F913,161.7,66.9,66.9,91.7,35.2,51.5,40,95.3,92.2,96.3,97.9,50.8,M,69
F914,171.4,68.7,68.7,93.7,40.8,54.9,41.5,96.9,84.6,87.9,101.2,48.7,M,51
F915,157.9,58.9,58.9,89.3,36.4,49.2,35.3,90.8,82.1,88.3,94.8,48.8,M,78
F916,168.8,78.4,78.4,90.2,38.1,56.3,40.4,99.4,88.4,99.1,102.7,56.6,M,72
F917,171.9,64.1,64.1,89.4,34.2,57.9,36.9,96.5,79.8,91.3,105.2,48.4,M,68
F918,168.1,67.3,67.3,97.4,40.6,54.7,36.2,98.3,85.9,90.5,100.4,47.4,M,67
F919,167.3,65.5,65.5,95.3,36.7,55.8,38.3,96.3,85.6,89.5,102.2,50.2,M,66
F920,169.6,77.1,77.1,100.4,37.6,54.1,38.4,94.7,91.4,94.9,99.8,54.6,M,61
F921,168.9,75.5,75.5,97.2,38.7,55.5,39.5,98.3,90.2,92.8,102.6,93.7,M,63
F922,177.3,80.7,80.7,95.2,39,58.4,41.4,103.1,97.8,97.3,104.8,55.6,M,67
F923,170.5,59.8,59.8,84.9,36.6,56.2,37.5,99.4,75.7,85.9,102.9,47.1,M,64
F924,175.7,71.4,71.4,90.6,36.6,59.4,38.4,103.9,84.6,93.5,104.8,49.7,M,65
F925,174.3,80,80,94.6,39.1,53.4,37.8,101.3,86.2,99.5,105.3,56.5,M,59
F926,170.6,61.9,61.9,86.8,38.1,57,37.9,96.3,82.1,89.5,101.8,48.2,M,56
F927,166.5,69.3,69.3,93.7,36.2,52.6,39.6,97.5,82.8,90.8,101.3,53.1,M,70
F928,162.6,73.7,73.7,94.3,36.9,52.7,41.3,94.4,96.1,94.5,98.1,54.7,M,66
F929,165.6,88.3,88.3,102.8,39.5,54.4,46.1,99.1,97.7,105.9,99,59.8,M,69
F930,174,75,75,96.4,38.8,57.6,40.1,104,89.5,93.1,101.4,52.8,M,62
F931,168,90.1,90.1,99.2,38.3,56.9,41.7,100.4,107.6,98.8,99.8,57.5,M,76
F932,168.1,56.6,56.6,85.1,36.7,55.1,36.2,95.9,76.2,86.1,103.2,46.7,M,58
F933,159.1,60.3,60.3,93.2,35.7,49.8,37.1,96,82.7,90.8,94.1,46.6,M,67
F934,165,67.8,67.8,91.8,33.6,54.2,39.1,96,88.7,91.4,102.6,51.6,M,78
F935,162.1,61.2,61.2,90.6,39.1,52.5,35.7,99.6,76.3,88.5,98.4,52.4,M,66
F936,182.4,75.6,75.6,90.7,39.4,58.8,38.7,103.9,85.5,93.8,111.6,51.8,M,64
F937,168.5,68.4,68.4,95.4,37.6,54.3,37.3,98.4,82.7,94.5,101,53.6,M,57
F938,171.5,69,69,93.1,38.6,56.9,38.8,99.2,87.7,93.3,105.6,51.6,M,75
F939,163.7,73.4,73.4,100.6,40,52.1,40.6,98.1,91.5,95.7,97.5,56.3,M,54
F940,172.5,72.3,72.3,94.3,38.2,56.3,38.7,100.3,87.5,95.3,106.1,53.3,M,41
F941,167.9,70.4,70.4,90.4,40.1,54.3,39.4,101.4,84.5,92.8,102.4,55.2,M,58
F942,179.3,76.1,76.1,100.4,38.8,57.8,38.8,101.5,86.4,97.6,108.9,53.4,M,61
F943,163.3,71.9,71.9,93.2,37.6,53,38.9,96.9,89.7,96.8,99.8,58.2,M,66
F944,177.7,80.9,80.9,98.2,40.3,56.4,39.8,103.4,87.1,97.8,108.4,55.4,M,52
F945,184,76.2,76.2,98.4,39.1,60.9,39.5,105.8,81.1,93.2,114.1,54.9,M,43
F946,164.9,62.4,62.4,90.4,38.7,52.2,37.2,96.8,76.4,88.8,98.7,50.9,M,63
F947,174,81.2,81.2,94.9,41.2,55.2,41.5,101.2,89.6,99.7,105.8,57.7,M,52
F948,169.7,78.3,78.3,98.8,41.8,57.3,37.2,96.4,88.1,96.5,107.5,57.2,M,55
F949,159.9,54,54,79.8,35.5,50,32.8,92.4,71.7,85.7,99.1,48.4,M,73
F950,174.5,90,90,99.6,41.6,57.5,39.7,101.2,98.4,105.7,107.3,61,M,59
F951,161.8,54.6,54.6,84.2,38.6,53.2,35.2,92.7,79,88.2,99.8,44.4,M,75
F952,163.1,73.9,73.9,96.4,39.3,53.4,39.5,95.1,93,95.2,96.7,54.5,M,73
F953,168,64.2,64.2,91.9,38.6,51.8,35.5,98.6,89.2,92.4,103.8,49.7,M,79
F954,155.8,59.4,59.4,90.3,36,51.7,36.3,90.1,85.2,90,93.8,48.6,M,73
F955,175.2,65.6,65.6,92.7,41.1,54.4,35.4,100.7,81.8,92.3,105.8,48,M,73
F956,169.6,76.8,76.8,57.1,40.5,53.8,37.8,97.2,91.6,94.3,102.7,54.2,M,63
F957,167.3,69.3,69.3,93,39.3,52.2,35.3,96.7,84,96,103.7,52,M,69
F958,162.1,46.9,46.9,81.3,36.2,50.3,32.4,94.1,74.8,82.5,93,39.5,M,77
F959,169.6,67.1,67.1,92.7,38.6,54.7,38.1,99.1,86.6,94.1,104.8,48,M,67
F960,159.5,66.7,66.7,93.1,35.5,51.6,37.4,92.6,89.7,91.6,94.3,49.8,M,67
F961,169.9,74.8,74.8,91.5,38.3,54.8,37.3,98.7,98.7,97.4,103.9,55.3,M,72
F962,164.2,64.7,64.7,86.9,34.3,51.3,36.9,95,85.7,90,101.9,50.4,M,67
F963,168.8,80.9,80.9,100.7,37.4,54,35.7,97.3,98,102.9,102.7,63.7,M,27
F964,168.5,68.6,68.6,92.9,38.4,51,35.4,97.7,79.8,92.5,99.3,53.9,M,60
F965,170.5,56,56,84.3,38.2,57.8,33.4,99.4,69.7,83.2,106.5,47.6,M,26
F966,180.1,80.9,80.9,94.5,40.8,56.6,39,102.6,80,100.4,111.3,59.3,M,27
F967,177.2,73.9,73.9,95.2,40.2,56.7,35.4,102.9,86.3,96.2,108.2,53.3,M,59
F968,173.4,65.1,65.1,92,40.1,56.2,35.6,101,81.5,91.5,105.7,47.5,M,58
F969,165.1,67.8,67.8,94.2,36.3,53.3,36.3,94.4,89,90.6,99.7,50.5,M,60
F970,170.2,82.5,82.5,98.1,37.3,55,37.4,98.7,94.5,102.6,107.1,61.1,M,62
F971,165.4,65.9,65.9,92.4,37.5,53.9,35.3,97.4,83.6,89.8,101.7,53.4,M,58
F972,178.5,87.4,87.4,99.7,40.8,57.3,37.8,104,95,103.8,113.2,61.3,M,56
F973,167.1,75.9,75.9,98.7,38,57.2,36.5,99.2,90.9,97.7,103.9,54.9,M,72
F974,165.7,71.4,71.4,92.6,40.4,53.7,37.8,96.8,90.7,95.5,101.3,53.3,M,63
F975,163.3,66.7,66.7,94.3,38.7,54.9,36.7,95.2,92.8,89.7,101.5,50,M,68
F976,159.9,64.3,64.3,97.2,37.4,50.5,35.4,90.9,91.3,92.2,96.9,53.3,M,76
F977,164.3,60.9,60.9,87.2,36.1,52.5,34.4,97.8,77.3,91.1,103.3,53.6,M,59
F978,169.8,85.3,85.3,99.3,36.5,53.7,39.2,97.8,106,100.6,105.3,57.5,M,73
F979,173.1,80.6,80.6,98.3,36,56.3,38.5,100.5,96.4,97.3,107.9,57.2,M,65
F980,159.1,59.8,59.8,87.7,34.5,53.3,34.3,91.7,86.7,86.7,99.9,49.5,M,67
F981,171.7,73.8,73.8,96.8,39,54.7,37.5,101.4,93.2,93.9,103.3,52.8,M,68
F982,162.1,61.4,61.4,86.8,33,53.7,35.1,93.2,83.9,89.8,102.1,50.2,M,71
F983,162,57.6,57.6,83,33.3,50.1,33.5,93.8,82.2,87.4,98.9,49.2,M,61
F984,167.8,71,71,95.3,34.4,57.3,38.2,96.2,91.1,94.8,103.8,53.9,M,78
F985,165.2,72.1,72.1,96.5,37.6,53.6,35,94.8,90.8,95.2,101.4,52.8,M,75
F986,170.2,73.8,73.8,94,38.7,54,36.5,100.4,84.6,96.1,103.6,54.1,M,75
F987,161.1,69.4,69.4,97.7,38.2,51,36.3,93.4,87,92.5,95.6,53.7,M,59
F988,183.5,80.8,80.8,94.7,42,56.6,37.5,104.9,85.4,98.7,113.7,57.9,M,42
F989,165.4,85.4,85.4,100.3,40.1,53.9,41.2,97.6,98.8,97.5,97.4,58.6,M,61
F990,165.5,77.9,77.9,98.2,38.6,54.5,36.5,96.3,93.1,99.4,97,56.4,M,47
F991,176.4,95.5,95.5,105.2,42.6,56,39,104.2,101,103.7,103.9,66.4,M,48
F992,157.4,63.9,63.9,90.3,37.5,53.9,35.5,90.9,87,95.6,96.3,54,M,75
F993,167.3,68,68,91.7,38.4,54.5,36.4,98.8,82,93.2,98.5,53.1,M,58
F994,169.9,65.2,65.2,92.7,39.1,53,38.2,100.8,81.8,87,97.6,48.4,M,53
F995,173.7,67.2,67.2,91.7,39,56.1,34.5,100.9,72.3,93.9,101.5,55.3,M,30